book,chapter,verse,monad,text,ktv,phtext,phsep
Genesis,5,4,2169,יְמֵי־,,yᵊmê-,
Genesis,5,4,2170,אָדָ֗ם ,,ʔāḏˈām, 
Genesis,5,4,2175,שְׁמֹנֶ֥ה ,,šᵊmōnˌeh, 
Genesis,5,4,2176,מֵאֹ֖ת ,,mēʔˌōṯ, 
Genesis,5,5,2185,כָּל־,,kol-,
Genesis,5,5,2186,יְמֵ֤י ,,yᵊmˈê, 
Genesis,5,5,2187,אָדָם֙ ,,ʔāḏˌām, 
Genesis,5,5,2190,תְּשַׁ֤ע ,,tᵊšˈaʕ, 
Genesis,5,5,2191,מֵאֹות֙ ,,mēʔôṯ, 
Genesis,5,5,2194,שְׁלֹשִׁ֖ים ,,šᵊlōšˌîm, 
Genesis,5,8,2230,כָּל־,,kol-,
Genesis,5,8,2231,יְמֵי־,,yᵊmê-,
Genesis,5,8,2232,שֵׁ֔ת ,,šˈēṯ, 
Genesis,5,8,2233,שְׁתֵּ֤ים ,,šᵊttˈêm, 
Genesis,5,8,2234,עֶשְׂרֵה֙ ,,ʕeśrˌē, 
Genesis,5,8,2237,תְשַׁ֥ע ,,ṯᵊšˌaʕ, 
Genesis,5,8,2238,מֵאֹ֖ות ,,mēʔˌôṯ, 
Genesis,5,11,2272,כָּל־,,kol-,
Genesis,5,11,2273,יְמֵ֣י ,,yᵊmˈê, 
Genesis,5,11,2274,אֱנֹ֔ושׁ ,,ʔᵉnˈôš, 
Genesis,5,11,2275,חָמֵ֣שׁ ,,ḥāmˈēš, 
Genesis,5,11,2278,תְשַׁ֥ע ,,ṯᵊšˌaʕ, 
Genesis,5,11,2279,מֵאֹ֖ות ,,mēʔˌôṯ, 
Genesis,5,14,2312,כָּל־,,kol-,
Genesis,5,14,2313,יְמֵ֣י ,,yᵊmˈê, 
Genesis,5,14,2314,קֵינָ֔ן ,,qênˈān, 
Genesis,5,14,2315,עֶ֣שֶׂר ,,ʕˈeśer, 
Genesis,5,14,2318,תְשַׁ֥ע ,,ṯᵊšˌaʕ, 
Genesis,5,14,2319,מֵאֹ֖ות ,,mēʔˌôṯ, 
Genesis,5,17,2355,כָּל־,,kol-,
Genesis,5,17,2356,יְמֵ֣י ,,yᵊmˈê, 
Genesis,5,17,2357,מַהֲלַלְאֵ֔ל ,,mahᵃlalʔˈēl, 
Genesis,5,17,2358,חָמֵ֤שׁ ,,ḥāmˈēš, 
Genesis,5,17,2360,תִשְׁעִים֙ ,,ṯišʕîm, 
Genesis,5,17,2363,שְׁמֹנֶ֥ה ,,šᵊmōnˌeh, 
Genesis,5,17,2364,מֵאֹ֖ות ,,mēʔˌôṯ, 
Genesis,5,20,2399,כָּל־,,kol-,
Genesis,5,20,2400,יְמֵי־,,yᵊmê-,
Genesis,5,20,2401,יֶ֔רֶד ,,yˈereḏ, 
Genesis,5,20,2402,שְׁתַּ֤יִם ,,šᵊttˈayim, 
Genesis,5,20,2404,שִׁשִּׁים֙ ,,šiššîm, 
Genesis,5,20,2407,תְשַׁ֥ע ,,ṯᵊšˌaʕ, 
Genesis,5,20,2408,מֵאֹ֖ות ,,mēʔˌôṯ, 
Genesis,5,23,2443,כָּל־,,kol-,
Genesis,5,23,2444,יְמֵ֣י ,,yᵊmˈê, 
Genesis,5,23,2445,חֲנֹ֑וךְ ,,ḥᵃnˈôḵ, 
Genesis,5,23,2446,חָמֵ֤שׁ ,,ḥāmˈēš, 
Genesis,5,23,2448,שִׁשִּׁים֙ ,,šiššîm, 
Genesis,5,23,2451,שְׁלֹ֥שׁ ,,šᵊlˌōš, 
Genesis,5,23,2452,מֵאֹ֖ות ,,mēʔˌôṯ, 
Genesis,5,27,2502,כָּל־,,kol-,
Genesis,5,27,2503,יְמֵ֣י ,,yᵊmˈê, 
Genesis,5,27,2504,מְתוּשֶׁ֔לַח ,,mᵊṯûšˈelaḥ, 
Genesis,5,27,2505,תֵּ֤שַׁע ,,tˈēšaʕ, 
Genesis,5,27,2507,שִׁשִּׁים֙ ,,šiššîm, 
Genesis,5,27,2510,תְשַׁ֥ע ,,ṯᵊšˌaʕ, 
Genesis,5,27,2511,מֵאֹ֖ות ,,mēʔˌôṯ, 
Genesis,5,31,2571,כָּל־,,kol-,
Genesis,5,31,2572,יְמֵי־,,yᵊmê-,
Genesis,5,31,2573,לֶ֔מֶךְ ,,lˈemeḵ, 
Genesis,5,31,2574,שֶׁ֤בַע ,,šˈevaʕ, 
Genesis,5,31,2576,שִׁבְעִים֙ ,,šivʕîm, 
Genesis,5,31,2579,שְׁבַ֥ע ,,šᵊvˌaʕ, 
Genesis,5,31,2580,מֵאֹ֖ות ,,mēʔˌôṯ, 
Genesis,5,32,2586,נֹ֕חַ ,,nˈōₐḥ, 
Genesis,5,32,2588,חֲמֵ֥שׁ ,,ḥᵃmˌēš, 
Genesis,5,32,2589,מֵאֹ֖ות ,,mēʔˌôṯ, 
Genesis,6,3,2655,יָמָ֔יו ,,yāmˈāʸw, 
Genesis,6,3,2656,מֵאָ֥ה ,,mēʔˌā, 
Genesis,6,3,2658,עֶשְׂרִ֖ים ,,ʕeśrˌîm, 
Genesis,7,6,3142,נֹ֕חַ ,,nˈōₐḥ, 
Genesis,7,6,3144,שֵׁ֥שׁ ,,šˌēš, 
Genesis,7,6,3145,מֵאֹ֖ות ,,mēʔˌôṯ, 
Genesis,11,1,4968,כָל־,,ḵol-,
Genesis,11,1,4970,אָ֖רֶץ ,,ʔˌāreṣ, 
Genesis,11,1,4972,אֶחָ֑ת ,,ʔeḥˈāṯ, 
Genesis,11,1,4975,אֲחָדִֽים׃ ,,ʔᵃḥāḏˈîm, . 
Genesis,11,10,5140,שֵׁ֚ם ,,ˈšēm, 
Genesis,11,10,5142,מְאַ֣ת ,,mᵊʔˈaṯ, 
Genesis,11,32,5472,יְמֵי־,,yᵊmê-,
Genesis,11,32,5473,תֶ֔רַח ,,ṯˈeraḥ, 
Genesis,11,32,5474,חָמֵ֥שׁ ,,ḥāmˌēš, 
Genesis,11,32,5477,מָאתַ֣יִם ,,māṯˈayim, 
Genesis,12,4,5544,אַבְרָ֗ם ,,ʔavrˈām, 
Genesis,12,4,5546,חָמֵ֤שׁ ,,ḥāmˈēš, 
Genesis,12,4,5549,שִׁבְעִ֣ים ,,šivʕˈîm, 
Genesis,16,16,7310,אַבְרָ֕ם ,,ʔavrˈām, 
Genesis,16,16,7312,שְׁמֹנִ֥ים ,,šᵊmōnˌîm, 
Genesis,16,16,7315,שֵׁ֣שׁ ,,šˈēš, 
Genesis,17,1,7326,אַבְרָ֔ם ,,ʔavrˈām, 
Genesis,17,1,7328,תִּשְׁעִ֥ים ,,tišʕˌîm, 
Genesis,17,1,7331,תֵ֣שַׁע ,,ṯˈēšaʕ, 
Genesis,17,24,7753,אַ֨בְרָהָ֔ם ,,ʔˌavrāhˈām, 
Genesis,17,24,7755,תִּשְׁעִ֥ים ,,tišʕˌîm, 
Genesis,17,24,7757,תֵ֖שַׁע ,,ṯˌēšaʕ, 
Genesis,17,25,7764,יִשְׁמָעֵ֣אל ,,yišmāʕˈēl, 
Genesis,17,25,7767,שְׁלֹ֥שׁ ,,šᵊlˌōš, 
Genesis,17,25,7768,עֶשְׂרֵ֖ה ,,ʕeśrˌē, 
Genesis,21,5,9684,אַבְרָהָ֖ם ,,ʔavrāhˌām, 
Genesis,21,5,9686,מְאַ֣ת ,,mᵊʔˈaṯ, 
Genesis,23,1,10737,חַיֵּ֣י ,,ḥayyˈê, 
Genesis,23,1,10738,שָׂרָ֔ה ,,śārˈā, 
Genesis,23,1,10739,מֵאָ֥ה ,,mēʔˌā, 
Genesis,23,1,10742,עֶשְׂרִ֥ים ,,ʕeśrˌîm, 
Genesis,23,1,10745,שֶׁ֣בַע ,,šˈevaʕ, 
Genesis,25,20,12718,יִצְחָק֙ ,,yiṣḥˌāq, 
Genesis,25,20,12720,אַרְבָּעִ֣ים ,,ʔarbāʕˈîm, 
Genesis,25,26,12840,יִצְחָ֛ק ,,yiṣḥˈāq, 
Genesis,25,26,12842,שִׁשִּׁ֥ים ,,šiššˌîm, 
Genesis,26,34,13606,עֵשָׂו֙ ,,ʕēśˌāw, 
Genesis,26,34,13608,אַרְבָּעִ֣ים ,,ʔarbāʕˈîm, 
Genesis,35,22,19457,בְנֵֽי־,,vᵊnˈê-,
Genesis,35,22,19458,יַעֲקֹ֖ב ,,yaʕᵃqˌōv, 
Genesis,35,22,19459,שְׁנֵ֥ים ,,šᵊnˌêm, 
Genesis,35,22,19460,עָשָֽׂר׃ ,,ʕāśˈār, . 
Genesis,35,28,19524,יְמֵ֣י ,,yᵊmˈê, 
Genesis,35,28,19525,יִצְחָ֑ק ,,yiṣḥˈāq, 
Genesis,35,28,19526,מְאַ֥ת ,,mᵊʔˌaṯ, 
Genesis,35,28,19529,שְׁמֹנִ֥ים ,,šᵊmōnˌîm, 
Genesis,41,46,23190,יֹוסֵף֙ ,,yôsˌēf, 
Genesis,41,46,23192,שְׁלֹשִׁ֣ים ,,šᵊlōšˈîm, 
Genesis,46,15,26230,כָּל־,,kol-,
Genesis,46,15,26231,נֶ֧פֶשׁ ,,nˈefeš, 
Genesis,46,15,26232,בָּנָ֛יו ,,bānˈāʸw, 
Genesis,46,15,26234,בְנֹותָ֖יו ,,vᵊnôṯˌāʸw, 
Genesis,46,15,26235,שְׁלֹשִׁ֥ים ,,šᵊlōšˌîm, 
Genesis,46,15,26237,שָׁלֹֽשׁ׃ ,,šālˈōš, . 
Genesis,46,22,26342,כָּל־,,kol-,
Genesis,46,22,26343,נֶ֖פֶשׁ ,,nˌefeš, 
Genesis,46,22,26344,אַרְבָּעָ֥ה ,,ʔarbāʕˌā, 
Genesis,46,22,26345,עָשָֽׂר׃ ,,ʕāśˈār, . 
Genesis,46,25,26375,כָּל־,,kol-,
Genesis,46,25,26376,נֶ֥פֶשׁ ,,nˌefeš, 
Genesis,46,25,26377,שִׁבְעָֽה׃ ,,šivʕˈā, . 
Genesis,46,26,26394,כָּל־,,kol-,
Genesis,46,26,26395,נֶ֖פֶשׁ ,,nˌefeš, 
Genesis,46,26,26396,שִׁשִּׁ֥ים ,,šiššˌîm, 
Genesis,46,26,26398,שֵֽׁשׁ׃ ,,šˈēš, . 
Genesis,46,27,26400,בְנֵ֥י ,,vᵊnˌê, 
Genesis,46,27,26401,יֹוסֵ֛ף ,,yôsˈēf, 
Genesis,46,27,26408,שְׁנָ֑יִם ,,šᵊnˈāyim, 
Genesis,46,27,26409,כָּל־,,kol-,
Genesis,46,27,26411,נֶּ֧פֶשׁ ,,nnˈefeš, 
Genesis,46,27,26418,שִׁבְעִֽים׃ פ ,,šivʕˈîm . f, 
Genesis,47,9,26726,יְמֵי֙ ,,yᵊmˌê, 
Genesis,47,9,26727,שְׁנֵ֣י ,,šᵊnˈê, 
Genesis,47,9,26728,מְגוּרַ֔י ,,mᵊḡûrˈay, 
Genesis,47,9,26729,שְׁלֹשִׁ֥ים ,,šᵊlōšˌîm, 
Genesis,47,9,26731,מְאַ֖ת ,,mᵊʔˌaṯ, 
Genesis,47,28,27217,יְמֵֽי־,,yᵊmˈê-,
Genesis,47,28,27218,יַעֲקֹב֙ ,,yaʕᵃqˌōv, 
Genesis,47,28,27221,שֶׁ֣בַע ,,šˈevaʕ, 
Genesis,47,28,27224,אַרְבָּעִ֥ים ,,ʔarbāʕˌîm, 
Genesis,47,28,27226,מְאַ֖ת ,,mᵊʔˌaṯ, 
Genesis,49,28,28134,כָּל־,,kol-,
Genesis,49,28,28135,אֵ֛לֶּה ,,ʔˈēlleh, 
Genesis,49,28,28138,שְׁנֵ֣ים ,,šᵊnˈêm, 
Genesis,49,28,28139,עָשָׂ֑ר ,,ʕāśˈār, 
Exodus,1,5,28795,כָּל־,,kol-,
Exodus,1,5,28796,נֶ֛פֶשׁ ,,nˈefeš, 
Exodus,1,5,28797,יֹצְאֵ֥י ,,yōṣᵊʔˌê, 
Exodus,1,5,28798,יֶֽרֶךְ־,,yˈereḵ-,
Exodus,1,5,28799,יַעֲקֹ֖ב ,,yaʕᵃqˌōv, 
Exodus,1,5,28800,שִׁבְעִ֣ים ,,šivʕˈîm, 
Exodus,6,16,31551,שְׁנֵי֙ ,,šᵊnˌê, 
Exodus,6,16,31552,חַיֵּ֣י ,,ḥayyˈê, 
Exodus,6,16,31553,לֵוִ֔י ,,lēwˈî, 
Exodus,6,16,31554,שֶׁ֧בַע ,,šˈevaʕ, 
Exodus,6,16,31556,שְׁלֹשִׁ֛ים ,,šᵊlōšˈîm, 
Exodus,6,16,31558,מְאַ֖ת ,,mᵊʔˌaṯ, 
Exodus,6,18,31578,שְׁנֵי֙ ,,šᵊnˌê, 
Exodus,6,18,31579,חַיֵּ֣י ,,ḥayyˈê, 
Exodus,6,18,31580,קְהָ֔ת ,,qᵊhˈāṯ, 
Exodus,6,18,31581,שָׁלֹ֧שׁ ,,šālˈōš, 
Exodus,6,18,31583,שְׁלֹשִׁ֛ים ,,šᵊlōšˈîm, 
Exodus,6,18,31585,מְאַ֖ת ,,mᵊʔˌaṯ, 
Exodus,6,20,31617,שְׁנֵי֙ ,,šᵊnˌê, 
Exodus,6,20,31618,חַיֵּ֣י ,,ḥayyˈê, 
Exodus,6,20,31619,עַמְרָ֔ם ,,ʕamrˈām, 
Exodus,6,20,31620,שֶׁ֧בַע ,,šˈevaʕ, 
Exodus,6,20,31622,שְׁלֹשִׁ֛ים ,,šᵊlōšˈîm, 
Exodus,6,20,31624,מְאַ֖ת ,,mᵊʔˌaṯ, 
Exodus,7,7,31891,מֹשֶׁה֙ ,,mōšˌeh, 
Exodus,7,7,31893,שְׁמֹנִ֣ים ,,šᵊmōnˈîm, 
Exodus,7,7,31896,אַֽהֲרֹ֔ן ,,ʔˈahᵃrˈōn, 
Exodus,7,7,31898,שָׁלֹ֥שׁ ,,šālˌōš, 
Exodus,7,7,31900,שְׁמֹנִ֖ים ,,šᵊmōnˌîm, 
Exodus,12,40,35563,מֹושַׁב֙ ,,môšˌav, 
Exodus,12,40,35564,בְּנֵ֣י ,,bᵊnˈê, 
Exodus,12,40,35565,יִשְׂרָאֵ֔ל ,,yiśrāʔˈēl, 
Exodus,12,40,35570,שְׁלֹשִׁ֣ים ,,šᵊlōšˈîm, 
Exodus,12,40,35573,אַרְבַּ֥ע ,,ʔarbˌaʕ, 
Exodus,12,40,35574,מֵאֹ֖ות ,,mēʔˌôṯ, 
Exodus,25,36,42558,כֻּלָּ֛הּ ,,kullˈāh, 
Exodus,25,36,42560,אַחַ֖ת ,,ʔaḥˌaṯ, 
Exodus,26,8,42761,אֹ֣רֶךְ׀ ,,ʔˈōreḵ, 
Exodus,26,8,42763,יְרִיעָ֣ה ,,yᵊrîʕˈā, 
Exodus,26,8,42765,אַחַ֗ת ,,ʔaḥˈaṯ, 
Exodus,26,8,42766,שְׁלֹשִׁים֙ ,,šᵊlōšîm, 
Exodus,27,12,43552,עַמֻּדֵיהֶ֣ם ,,ʕammuḏêhˈem, 
Exodus,27,12,43553,עֲשָׂרָ֔ה ,,ʕᵃśārˈā, 
Exodus,27,12,43555,אַדְנֵיהֶ֖ם ,,ʔaḏnêhˌem, 
Exodus,27,12,43556,עֲשָׂרָֽה׃ ,,ʕᵃśārˈā, . 
Exodus,27,13,43558,רֹ֣חַב ,,rˈōḥav, 
Exodus,27,13,43560,חָצֵ֗ר ,,ḥāṣˈēr, 
Exodus,27,13,43565,חֲמִשִּׁ֥ים ,,ḥᵃmiššˌîm, 
Exodus,27,14,43575,עַמֻּדֵיהֶ֣ם ,,ʕammuḏêhˈem, 
Exodus,27,14,43576,שְׁלֹשָׁ֔ה ,,šᵊlōšˈā, 
Exodus,27,14,43578,אַדְנֵיהֶ֖ם ,,ʔaḏnêhˌem, 
Exodus,27,14,43579,שְׁלֹשָֽׁה׃ ,,šᵊlōšˈā, . 
Exodus,27,15,43589,עַמֻּדֵיהֶ֣ם ,,ʕammuḏêhˈem, 
Exodus,27,15,43590,שְׁלֹשָׁ֔ה ,,šᵊlōšˈā, 
Exodus,27,15,43592,אַדְנֵיהֶ֖ם ,,ʔaḏnêhˌem, 
Exodus,27,15,43593,שְׁלֹשָֽׁה׃ ,,šᵊlōšˈā, . 
Exodus,27,16,43613,עַמֻּֽדֵיהֶם֙ ,,ʕammˈuḏêhem, 
Exodus,27,16,43614,אַרְבָּעָ֔ה ,,ʔarbāʕˈā, 
Exodus,27,16,43616,אַדְנֵיהֶ֖ם ,,ʔaḏnêhˌem, 
Exodus,27,16,43617,אַרְבָּעָֽה׃ ,,ʔarbāʕˈā, . 
Exodus,27,18,43638,רֹ֣חַב׀ ,,rˈōḥav, 
Exodus,27,18,43639,חֲמִשִּׁ֣ים ,,ḥᵃmiššˈîm, 
Exodus,27,18,43643,קֹמָ֛ה ,,qōmˈā, 
Exodus,27,18,43644,חָמֵ֥שׁ ,,ḥāmˌēš, 
Exodus,36,13,49491,מִּשְׁכָּ֖ן ,,mmiškˌān, 
Exodus,36,13,49492,אֶחָֽד׃ ס ,,ʔeḥˈāḏ . s, 
Exodus,37,22,50325,כֻּלָּ֛הּ ,,kullˈāh, 
Exodus,37,22,50327,אַחַ֖ת ,,ʔaḥˌaṯ, 
Exodus,38,12,50643,עַמּוּדֵיהֶ֥ם ,,ʕammûḏêhˌem, 
Exodus,38,12,50644,עֲשָׂרָ֔ה ,,ʕᵃśārˈā, 
Exodus,38,12,50646,אַדְנֵיהֶ֖ם ,,ʔaḏnêhˌem, 
Exodus,38,12,50647,עֲשָׂרָ֑ה ,,ʕᵃśārˈā, 
Exodus,38,14,50668,עַמּוּדֵיהֶ֣ם ,,ʕammûḏêhˈem, 
Exodus,38,14,50669,שְׁלֹשָׁ֔ה ,,šᵊlōšˈā, 
Exodus,38,14,50671,אַדְנֵיהֶ֖ם ,,ʔaḏnêhˌem, 
Exodus,38,14,50672,שְׁלֹשָֽׁה׃ ,,šᵊlōšˈā, . 
Exodus,38,15,50692,עַמֻּדֵיהֶ֣ם ,,ʕammuḏêhˈem, 
Exodus,38,15,50693,שְׁלֹשָׁ֔ה ,,šᵊlōšˈā, 
Exodus,38,15,50695,אַדְנֵיהֶ֖ם ,,ʔaḏnêhˌem, 
Exodus,38,15,50696,שְׁלֹשָֽׁה׃ ,,šᵊlōšˈā, . 
Exodus,38,18,50750,קֹומָ֤ה ,,qômˈā, 
Exodus,38,18,50753,חָמֵ֣שׁ ,,ḥāmˈēš, 
Exodus,38,25,50889,כֶ֛סֶף ,,ḵˈesef, 
Exodus,38,25,50890,פְּקוּדֵ֥י ,,pᵊqûḏˌê, 
Exodus,38,25,50892,עֵדָ֖ה ,,ʕēḏˌā, 
Exodus,38,25,50893,מְאַ֣ת ,,mᵊʔˈaṯ, 
Exodus,38,25,50896,אֶלֶף֩ ,,ʔelˌef, 
Exodus,38,25,50898,שְׁבַ֨ע ,,šᵊvˌaʕ, 
Exodus,38,25,50899,מֵאֹ֜ות ,,mēʔˈôṯ, 
Exodus,38,25,50901,חֲמִשָּׁ֧ה ,,ḥᵃmiššˈā, 
Exodus,38,25,50903,שִׁבְעִ֛ים ,,šivʕˈîm, 
Exodus,38,29,50996,נְחֹ֥שֶׁת ,,nᵊḥˌōšeṯ, 
Exodus,38,29,50998,תְּנוּפָ֖ה ,,ttᵊnûfˌā, 
Exodus,38,29,50999,שִׁבְעִ֣ים ,,šivʕˈîm, 
Exodus,38,29,51002,אַלְפַּ֥יִם ,,ʔalpˌayim, 
Exodus,38,29,51004,אַרְבַּע־,,ʔarbaʕ-,
Exodus,38,29,51005,מֵאֹ֖ות ,,mēʔˌôṯ, 
Leviticus,23,13,66140,מִנְחָתֹו֩ ,,minḥāṯˌô, 
Leviticus,23,13,66141,שְׁנֵ֨י ,,šᵊnˌê, 
Leviticus,25,8,67299,יְמֵי֙ ,,yᵊmˌê, 
Leviticus,25,8,67300,שֶׁ֚בַע ,,ˈševaʕ, 
Leviticus,25,8,67301,שַׁבְּתֹ֣ת ,,šabbᵊṯˈōṯ, 
Leviticus,25,8,67303,שָּׁנִ֔ים ,,ššānˈîm, 
Leviticus,25,8,67304,תֵּ֥שַׁע ,,tˌēšaʕ, 
Leviticus,25,8,67306,אַרְבָּעִ֖ים ,,ʔarbāʕˌîm, 
Leviticus,27,4,69019,עֶרְכְּךָ֖ ,,ʕerkᵊḵˌā, 
Leviticus,27,4,69020,שְׁלֹשִׁ֥ים ,,šᵊlōšˌîm, 
Leviticus,27,5,69035,עֶרְכְּךָ֛ ,,ʕerkᵊḵˈā, 
Leviticus,27,5,69038,עֶשְׂרִ֣ים ,,ʕeśrˈîm, 
Leviticus,27,6,69058,עֶרְכְּךָ֙ ,,ʕerkᵊḵˌā, 
Leviticus,27,6,69061,חֲמִשָּׁ֥ה ,,ḥᵃmiššˌā, 
Leviticus,27,6,69068,עֶרְכְּךָ֔ ,,ʕerkᵊḵˈā, 
Leviticus,27,6,69069,שְׁלֹ֥שֶׁת ,,šᵊlˌōšeṯ, 
Leviticus,27,7,69084,עֶרְכְּךָ֔ ,,ʕerkᵊḵˈā, 
Leviticus,27,7,69085,חֲמִשָּׁ֥ה ,,ḥᵃmiššˌā, 
Leviticus,27,7,69086,עָשָׂ֖ר ,,ʕāśˌār, 
Numeri,1,21,69858,פְּקֻדֵיהֶ֖ם ,,pᵊquḏêhˌem, 
Numeri,1,21,69862,שִׁשָּׁ֧ה ,,šiššˈā, 
Numeri,1,21,69864,אַרְבָּעִ֛ים ,,ʔarbāʕˈîm, 
Numeri,1,21,69865,אֶ֖לֶף ,,ʔˌelef, 
Numeri,1,21,69867,חֲמֵ֥שׁ ,,ḥᵃmˌēš, 
Numeri,1,21,69868,מֵאֹֽות׃ פ ,,mēʔˈôṯ . f, 
Numeri,1,23,69895,פְּקֻדֵיהֶ֖ם ,,pᵊquḏêhˌem, 
Numeri,1,23,69899,תִּשְׁעָ֧ה ,,tišʕˈā, 
Numeri,1,23,69901,חֲמִשִּׁ֛ים ,,ḥᵃmiššˈîm, 
Numeri,1,23,69902,אֶ֖לֶף ,,ʔˌelef, 
Numeri,1,23,69904,שְׁלֹ֥שׁ ,,šᵊlˌōš, 
Numeri,1,23,69905,מֵאֹֽות׃ פ ,,mēʔˈôṯ . f, 
Numeri,1,25,69927,פְּקֻדֵיהֶ֖ם ,,pᵊquḏêhˌem, 
Numeri,1,25,69931,חֲמִשָּׁ֤ה ,,ḥᵃmiššˈā, 
Numeri,1,25,69933,אַרְבָּעִים֙ ,,ʔarbāʕîm, 
Numeri,1,25,69934,אֶ֔לֶף ,,ʔˈelef, 
Numeri,1,25,69936,שֵׁ֥שׁ ,,šˌēš, 
Numeri,1,25,69937,מֵאֹ֖ות ,,mēʔˌôṯ, 
Numeri,1,25,69939,חֲמִשִּֽׁים׃ פ ,,ḥᵃmiššˈîm . f, 
Numeri,1,27,69961,פְּקֻדֵיהֶ֖ם ,,pᵊquḏêhˌem, 
Numeri,1,27,69965,אַרְבָּעָ֧ה ,,ʔarbāʕˈā, 
Numeri,1,27,69967,שִׁבְעִ֛ים ,,šivʕˈîm, 
Numeri,1,27,69968,אֶ֖לֶף ,,ʔˌelef, 
Numeri,1,27,69970,שֵׁ֥שׁ ,,šˌēš, 
Numeri,1,27,69971,מֵאֹֽות׃ פ ,,mēʔˈôṯ . f, 
Numeri,1,29,69993,פְּקֻדֵיהֶ֖ם ,,pᵊquḏêhˌem, 
Numeri,1,29,69997,אַרְבָּעָ֧ה ,,ʔarbāʕˈā, 
Numeri,1,29,69999,חֲמִשִּׁ֛ים ,,ḥᵃmiššˈîm, 
Numeri,1,29,70000,אֶ֖לֶף ,,ʔˌelef, 
Numeri,1,29,70002,אַרְבַּ֥ע ,,ʔarbˌaʕ, 
Numeri,1,29,70003,מֵאֹֽות׃ פ ,,mēʔˈôṯ . f, 
Numeri,1,31,70025,פְּקֻדֵיהֶ֖ם ,,pᵊquḏêhˌem, 
Numeri,1,31,70029,שִׁבְעָ֧ה ,,šivʕˈā, 
Numeri,1,31,70031,חֲמִשִּׁ֛ים ,,ḥᵃmiššˈîm, 
Numeri,1,31,70032,אֶ֖לֶף ,,ʔˌelef, 
Numeri,1,31,70034,אַרְבַּ֥ע ,,ʔarbˌaʕ, 
Numeri,1,31,70035,מֵאֹֽות׃ פ ,,mēʔˈôṯ . f, 
Numeri,1,33,70060,פְּקֻדֵיהֶ֖ם ,,pᵊquḏêhˌem, 
Numeri,1,33,70064,אַרְבָּעִ֥ים ,,ʔarbāʕˌîm, 
Numeri,1,33,70065,אֶ֖לֶף ,,ʔˌelef, 
Numeri,1,33,70067,חֲמֵ֥שׁ ,,ḥᵃmˌēš, 
Numeri,1,33,70068,מֵאֹֽות׃ פ ,,mēʔˈôṯ . f, 
Numeri,1,35,70090,פְּקֻדֵיהֶ֖ם ,,pᵊquḏêhˌem, 
Numeri,1,35,70094,שְׁנַ֧יִם ,,šᵊnˈayim, 
Numeri,1,35,70096,שְׁלֹשִׁ֛ים ,,šᵊlōšˈîm, 
Numeri,1,35,70097,אֶ֖לֶף ,,ʔˌelef, 
Numeri,1,35,70099,מָאתָֽיִם׃ פ ,,māṯˈāyim . f, 
Numeri,1,37,70121,פְּקֻדֵיהֶ֖ם ,,pᵊquḏêhˌem, 
Numeri,1,37,70125,חֲמִשָּׁ֧ה ,,ḥᵃmiššˈā, 
Numeri,1,37,70127,שְׁלֹשִׁ֛ים ,,šᵊlōšˈîm, 
Numeri,1,37,70128,אֶ֖לֶף ,,ʔˌelef, 
Numeri,1,37,70130,אַרְבַּ֥ע ,,ʔarbˌaʕ, 
Numeri,1,37,70131,מֵאֹֽות׃ פ ,,mēʔˈôṯ . f, 
Numeri,1,39,70153,פְּקֻדֵיהֶ֖ם ,,pᵊquḏêhˌem, 
Numeri,1,39,70157,שְׁנַ֧יִם ,,šᵊnˈayim, 
Numeri,1,39,70159,שִׁשִּׁ֛ים ,,šiššˈîm, 
Numeri,1,39,70160,אֶ֖לֶף ,,ʔˌelef, 
Numeri,1,39,70162,שְׁבַ֥ע ,,šᵊvˌaʕ, 
Numeri,1,39,70163,מֵאֹֽות׃ פ ,,mēʔˈôṯ . f, 
Numeri,1,41,70185,פְּקֻדֵיהֶ֖ם ,,pᵊquḏêhˌem, 
Numeri,1,41,70189,אֶחָ֧ד ,,ʔeḥˈāḏ, 
Numeri,1,41,70191,אַרְבָּעִ֛ים ,,ʔarbāʕˈîm, 
Numeri,1,41,70192,אֶ֖לֶף ,,ʔˌelef, 
Numeri,1,41,70194,חֲמֵ֥שׁ ,,ḥᵃmˌēš, 
Numeri,1,41,70195,מֵאֹֽות׃ פ ,,mēʔˈôṯ . f, 
Numeri,1,43,70216,פְּקֻדֵיהֶ֖ם ,,pᵊquḏêhˌem, 
Numeri,1,43,70220,שְׁלֹשָׁ֧ה ,,šᵊlōšˈā, 
Numeri,1,43,70222,חֲמִשִּׁ֛ים ,,ḥᵃmiššˈîm, 
Numeri,1,43,70223,אֶ֖לֶף ,,ʔˌelef, 
Numeri,1,43,70225,אַרְבַּ֥ע ,,ʔarbˌaʕ, 
Numeri,1,43,70226,מֵאֹֽות׃ פ ,,mēʔˈôṯ . f, 
Numeri,1,46,70269,כָּל־,,kol-,
Numeri,1,46,70271,פְּקֻדִ֔ים ,,ppᵊquḏˈîm, 
Numeri,1,46,70272,שֵׁשׁ־,,šēš-,
Numeri,1,46,70273,מֵאֹ֥ות ,,mēʔˌôṯ, 
Numeri,1,46,70274,אֶ֖לֶף ,,ʔˌelef, 
Numeri,1,46,70276,שְׁלֹ֣שֶׁת ,,šᵊlˈōšeṯ, 
Numeri,1,46,70277,אֲלָפִ֑ים ,,ʔᵃlāfˈîm, 
Numeri,1,46,70279,חֲמֵ֥שׁ ,,ḥᵃmˌēš, 
Numeri,1,46,70280,מֵאֹ֖ות ,,mēʔˌôṯ, 
Numeri,1,46,70282,חֲמִשִּֽׁים׃ ,,ḥᵃmiššˈîm, . 
Numeri,2,4,70475,צְבָאֹ֖ו ,,ṣᵊvāʔˌô, 
Numeri,2,4,70477,פְקֻדֵיהֶ֑ם ,,fᵊquḏêhˈem, 
Numeri,2,4,70478,אַרְבָּעָ֧ה ,,ʔarbāʕˈā, 
Numeri,2,4,70480,שִׁבְעִ֛ים ,,šivʕˈîm, 
Numeri,2,4,70481,אֶ֖לֶף ,,ʔˌelef, 
Numeri,2,4,70483,שֵׁ֥שׁ ,,šˌēš, 
Numeri,2,4,70484,מֵאֹֽות׃ ,,mēʔˈôṯ, . 
Numeri,2,6,70500,צְבָאֹ֖ו ,,ṣᵊvāʔˌô, 
Numeri,2,6,70502,פְקֻדָ֑יו ,,fᵊquḏˈāʸw, 
Numeri,2,6,70503,אַרְבָּעָ֧ה ,,ʔarbāʕˈā, 
Numeri,2,6,70505,חֲמִשִּׁ֛ים ,,ḥᵃmiššˈîm, 
Numeri,2,6,70506,אֶ֖לֶף ,,ʔˌelef, 
Numeri,2,6,70508,אַרְבַּ֥ע ,,ʔarbˌaʕ, 
Numeri,2,6,70509,מֵאֹֽות׃ ס ,,mēʔˈôṯ . s, 
Numeri,2,8,70521,צְבָאֹ֖ו ,,ṣᵊvāʔˌô, 
Numeri,2,8,70523,פְקֻדָ֑יו ,,fᵊquḏˈāʸw, 
Numeri,2,8,70524,שִׁבְעָ֧ה ,,šivʕˈā, 
Numeri,2,8,70526,חֲמִשִּׁ֛ים ,,ḥᵃmiššˈîm, 
Numeri,2,8,70527,אֶ֖לֶף ,,ʔˌelef, 
Numeri,2,8,70529,אַרְבַּ֥ע ,,ʔarbˌaʕ, 
Numeri,2,8,70530,מֵאֹֽות׃ ,,mēʔˈôṯ, . 
Numeri,2,9,70531,כָּֽל־,,kˈol-,
Numeri,2,9,70533,פְּקֻדִ֞ים ,,ppᵊquḏˈîm, 
Numeri,2,9,70537,מְאַ֨ת ,,mᵊʔˌaṯ, 
Numeri,2,9,70538,אֶ֜לֶף ,,ʔˈelef, 
Numeri,2,9,70540,שְׁמֹנִ֥ים ,,šᵊmōnˌîm, 
Numeri,2,9,70541,אֶ֛לֶף ,,ʔˈelef, 
Numeri,2,9,70543,שֵֽׁשֶׁת־,,šˈēšeṯ-,
Numeri,2,9,70544,אֲלָפִ֥ים ,,ʔᵃlāfˌîm, 
Numeri,2,9,70546,אַרְבַּע־,,ʔarbaʕ-,
Numeri,2,9,70547,מֵאֹ֖ות ,,mēʔˌôṯ, 
Numeri,2,11,70567,צְבָאֹ֖ו ,,ṣᵊvāʔˌô, 
Numeri,2,11,70569,פְקֻדָ֑יו ,,fᵊquḏˈāʸw, 
Numeri,2,11,70570,שִׁשָּׁ֧ה ,,šiššˈā, 
Numeri,2,11,70572,אַרְבָּעִ֛ים ,,ʔarbāʕˈîm, 
Numeri,2,11,70573,אֶ֖לֶף ,,ʔˌelef, 
Numeri,2,11,70575,חֲמֵ֥שׁ ,,ḥᵃmˌēš, 
Numeri,2,11,70576,מֵאֹֽות׃ ,,mēʔˈôṯ, . 
Numeri,2,13,70592,צְבָאֹ֖ו ,,ṣᵊvāʔˌô, 
Numeri,2,13,70594,פְקֻדֵיהֶ֑ם ,,fᵊquḏêhˈem, 
Numeri,2,13,70595,תִּשְׁעָ֧ה ,,tišʕˈā, 
Numeri,2,13,70597,חֲמִשִּׁ֛ים ,,ḥᵃmiššˈîm, 
Numeri,2,13,70598,אֶ֖לֶף ,,ʔˌelef, 
Numeri,2,13,70600,שְׁלֹ֥שׁ ,,šᵊlˌōš, 
Numeri,2,13,70601,מֵאֹֽות׃ ,,mēʔˈôṯ, . 
Numeri,2,15,70614,צְבָאֹ֖ו ,,ṣᵊvāʔˌô, 
Numeri,2,15,70616,פְקֻדֵיהֶ֑ם ,,fᵊquḏêhˈem, 
Numeri,2,15,70617,חֲמִשָּׁ֤ה ,,ḥᵃmiššˈā, 
Numeri,2,15,70619,אַרְבָּעִים֙ ,,ʔarbāʕîm, 
Numeri,2,15,70620,אֶ֔לֶף ,,ʔˈelef, 
Numeri,2,15,70622,שֵׁ֥שׁ ,,šˌēš, 
Numeri,2,15,70623,מֵאֹ֖ות ,,mēʔˌôṯ, 
Numeri,2,15,70625,חֲמִשִּֽׁים׃ ,,ḥᵃmiššˈîm, . 
Numeri,2,16,70626,כָּֽל־,,kˈol-,
Numeri,2,16,70628,פְּקֻדִ֞ים ,,ppᵊquḏˈîm, 
Numeri,2,16,70632,מְאַ֨ת ,,mᵊʔˌaṯ, 
Numeri,2,16,70633,אֶ֜לֶף ,,ʔˈelef, 
Numeri,2,16,70635,אֶחָ֨ד ,,ʔeḥˌāḏ, 
Numeri,2,16,70637,חֲמִשִּׁ֥ים ,,ḥᵃmiššˌîm, 
Numeri,2,16,70638,אֶ֛לֶף ,,ʔˈelef, 
Numeri,2,16,70640,אַרְבַּע־,,ʔarbaʕ-,
Numeri,2,16,70641,מֵאֹ֥ות ,,mēʔˌôṯ, 
Numeri,2,16,70643,חֲמִשִּׁ֖ים ,,ḥᵃmiššˌîm, 
Numeri,2,19,70685,צְבָאֹ֖ו ,,ṣᵊvāʔˌô, 
Numeri,2,19,70687,פְקֻדֵיהֶ֑ם ,,fᵊquḏêhˈem, 
Numeri,2,19,70688,אַרְבָּעִ֥ים ,,ʔarbāʕˌîm, 
Numeri,2,19,70689,אֶ֖לֶף ,,ʔˌelef, 
Numeri,2,19,70691,חֲמֵ֥שׁ ,,ḥᵃmˌēš, 
Numeri,2,19,70692,מֵאֹֽות׃ ,,mēʔˈôṯ, . 
Numeri,2,21,70706,צְבָאֹ֖ו ,,ṣᵊvāʔˌô, 
Numeri,2,21,70708,פְקֻדֵיהֶ֑ם ,,fᵊquḏêhˈem, 
Numeri,2,21,70709,שְׁנַ֧יִם ,,šᵊnˈayim, 
Numeri,2,21,70711,שְׁלֹשִׁ֛ים ,,šᵊlōšˈîm, 
Numeri,2,21,70712,אֶ֖לֶף ,,ʔˌelef, 
Numeri,2,21,70714,מָאתָֽיִם׃ ,,māṯˈāyim, . 
Numeri,2,23,70727,צְבָאֹ֖ו ,,ṣᵊvāʔˌô, 
Numeri,2,23,70729,פְקֻדֵיהֶ֑ם ,,fᵊquḏêhˈem, 
Numeri,2,23,70730,חֲמִשָּׁ֧ה ,,ḥᵃmiššˈā, 
Numeri,2,23,70732,שְׁלֹשִׁ֛ים ,,šᵊlōšˈîm, 
Numeri,2,23,70733,אֶ֖לֶף ,,ʔˌelef, 
Numeri,2,23,70735,אַרְבַּ֥ע ,,ʔarbˌaʕ, 
Numeri,2,23,70736,מֵאֹֽות׃ ,,mēʔˈôṯ, . 
Numeri,2,24,70737,כָּֽל־,,kˈol-,
Numeri,2,24,70739,פְּקֻדִ֞ים ,,ppᵊquḏˈîm, 
Numeri,2,24,70743,מְאַ֥ת ,,mᵊʔˌaṯ, 
Numeri,2,24,70744,אֶ֛לֶף ,,ʔˈelef, 
Numeri,2,24,70746,שְׁמֹֽנַת־,,šᵊmˈōnaṯ-,
Numeri,2,24,70747,אֲלָפִ֥ים ,,ʔᵃlāfˌîm, 
Numeri,2,24,70749,מֵאָ֖ה ,,mēʔˌā, 
Numeri,2,26,70770,צְבָאֹ֖ו ,,ṣᵊvāʔˌô, 
Numeri,2,26,70772,פְקֻדֵיהֶ֑ם ,,fᵊquḏêhˈem, 
Numeri,2,26,70773,שְׁנַ֧יִם ,,šᵊnˈayim, 
Numeri,2,26,70775,שִׁשִּׁ֛ים ,,šiššˈîm, 
Numeri,2,26,70776,אֶ֖לֶף ,,ʔˌelef, 
Numeri,2,26,70778,שְׁבַ֥ע ,,šᵊvˌaʕ, 
Numeri,2,26,70779,מֵאֹֽות׃ ,,mēʔˈôṯ, . 
Numeri,2,28,70795,צְבָאֹ֖ו ,,ṣᵊvāʔˌô, 
Numeri,2,28,70797,פְקֻדֵיהֶ֑ם ,,fᵊquḏêhˈem, 
Numeri,2,28,70798,אֶחָ֧ד ,,ʔeḥˈāḏ, 
Numeri,2,28,70800,אַרְבָּעִ֛ים ,,ʔarbāʕˈîm, 
Numeri,2,28,70801,אֶ֖לֶף ,,ʔˌelef, 
Numeri,2,28,70803,חֲמֵ֥שׁ ,,ḥᵃmˌēš, 
Numeri,2,28,70804,מֵאֹֽות׃ ,,mēʔˈôṯ, . 
Numeri,2,30,70817,צְבָאֹ֖ו ,,ṣᵊvāʔˌô, 
Numeri,2,30,70819,פְקֻדֵיהֶ֑ם ,,fᵊquḏêhˈem, 
Numeri,2,30,70820,שְׁלֹשָׁ֧ה ,,šᵊlōšˈā, 
Numeri,2,30,70822,חֲמִשִּׁ֛ים ,,ḥᵃmiššˈîm, 
Numeri,2,30,70823,אֶ֖לֶף ,,ʔˌelef, 
Numeri,2,30,70825,אַרְבַּ֥ע ,,ʔarbˌaʕ, 
Numeri,2,30,70826,מֵאֹֽות׃ ,,mēʔˈôṯ, . 
Numeri,2,31,70827,כָּל־,,kol-,
Numeri,2,31,70829,פְּקֻדִים֙ ,,ppᵊquḏîm, 
Numeri,2,31,70833,מְאַ֣ת ,,mᵊʔˈaṯ, 
Numeri,2,31,70834,אֶ֗לֶף ,,ʔˈelef, 
Numeri,2,31,70836,שִׁבְעָ֧ה ,,šivʕˈā, 
Numeri,2,31,70838,חֲמִשִּׁ֛ים ,,ḥᵃmiššˈîm, 
Numeri,2,31,70839,אֶ֖לֶף ,,ʔˌelef, 
Numeri,2,31,70841,שֵׁ֣שׁ ,,šˈēš, 
Numeri,2,31,70842,מֵאֹ֑ות ,,mēʔˈôṯ, 
Numeri,2,32,70856,כָּל־,,kol-,
Numeri,2,32,70857,פְּקוּדֵ֤י ,,pᵊqûḏˈê, 
Numeri,2,32,70859,מַּחֲנֹת֙ ,,mmaḥᵃnˌōṯ, 
Numeri,2,32,70862,שֵׁשׁ־,,šēš-,
Numeri,2,32,70863,מֵאֹ֥ות ,,mēʔˌôṯ, 
Numeri,2,32,70864,אֶ֨לֶף֙ ,,ʔˈelef, 
Numeri,2,32,70866,שְׁלֹ֣שֶׁת ,,šᵊlˈōšeṯ, 
Numeri,2,32,70867,אֲלָפִ֔ים ,,ʔᵃlāfˈîm, 
Numeri,2,32,70869,חֲמֵ֥שׁ ,,ḥᵃmˌēš, 
Numeri,2,32,70870,מֵאֹ֖ות ,,mēʔˌôṯ, 
Numeri,2,32,70872,חֲמִשִּֽׁים׃ ,,ḥᵃmiššˈîm, . 
Numeri,3,22,71247,פְּקֻ֣דֵיהֶ֔ם ,,pᵊqˈuḏêhˈem, 
Numeri,3,22,71248,שִׁבְעַ֥ת ,,šivʕˌaṯ, 
Numeri,3,22,71249,אֲלָפִ֖ים ,,ʔᵃlāfˌîm, 
Numeri,3,22,71251,חֲמֵ֥שׁ ,,ḥᵃmˌēš, 
Numeri,3,22,71252,מֵאֹֽות׃ ,,mēʔˈôṯ, . 
Numeri,3,34,71430,פְקֻדֵיהֶם֙ ,,fᵊquḏêhˌem, 
Numeri,3,34,71440,שֵׁ֥שֶׁת ,,šˌēšeṯ, 
Numeri,3,34,71441,אֲלָפִ֖ים ,,ʔᵃlāfˌîm, 
Numeri,3,34,71443,מָאתָֽיִם׃ ,,māṯˈāyim, . 
Numeri,3,39,71523,כָּל־,,kol-,
Numeri,3,39,71524,פְּקוּדֵ֨י ,,pᵊqûḏˌê, 
Numeri,3,39,71526,לְוִיִּ֜ם ,,lᵊwiyyˈim, 
Numeri,3,39,71544,שְׁנַ֥יִם ,,šᵊnˌayim, 
Numeri,3,39,71546,עֶשְׂרִ֖ים ,,ʕeśrˌîm, 
Numeri,3,39,71547,אָֽלֶף׃ ס ,,ʔˈālef . s, 
Numeri,3,43,71612,כָל־,,ḵol-,
Numeri,3,43,71613,בְּכֹ֨ור ,,bᵊḵˌôr, 
Numeri,3,43,71614,זָכָ֜ר ,,zāḵˈār, 
Numeri,3,43,71625,שְׁנַ֤יִם ,,šᵊnˈayim, 
Numeri,3,43,71627,עֶשְׂרִים֙ ,,ʕeśrîm, 
Numeri,3,43,71628,אֶ֔לֶף ,,ʔˈelef, 
Numeri,3,43,71629,שְׁלֹשָׁ֥ה ,,šᵊlōšˌā, 
Numeri,3,43,71631,שִׁבְעִ֖ים ,,šivʕˌîm, 
Numeri,3,43,71633,מָאתָֽיִם׃ פ ,,māṯˈāyim . f, 
Numeri,4,36,72496,פְקֻדֵיהֶ֖ם ,,fᵊquḏêhˌem, 
Numeri,4,36,72499,אַלְפַּ֕יִם ,,ʔalpˈayim, 
Numeri,4,36,72500,שְׁבַ֥ע ,,šᵊvˌaʕ, 
Numeri,4,36,72501,מֵאֹ֖ות ,,mēʔˌôṯ, 
Numeri,4,36,72503,חֲמִשִּֽׁים׃ ,,ḥᵃmiššˈîm, . 
Numeri,4,40,72560,פְּקֻ֣דֵיהֶ֔ם ,,pᵊqˈuḏêhˈem, 
Numeri,4,40,72566,אַלְפַּ֕יִם ,,ʔalpˈayim, 
Numeri,4,40,72568,שֵׁ֥שׁ ,,šˌēš, 
Numeri,4,40,72569,מֵאֹ֖ות ,,mēʔˌôṯ, 
Numeri,4,40,72571,שְׁלֹשִֽׁים׃ ,,šᵊlōšˈîm, . 
Numeri,4,44,72625,פְקֻדֵיהֶ֖ם ,,fᵊquḏêhˌem, 
Numeri,4,44,72628,שְׁלֹ֥שֶׁת ,,šᵊlˌōšeṯ, 
Numeri,4,44,72629,אֲלָפִ֖ים ,,ʔᵃlāfˌîm, 
Numeri,4,44,72631,מָאתָֽיִם׃ ,,māṯˈāyim, . 
Numeri,4,48,72694,פְּקֻדֵיהֶ֑ם ,,pᵊquḏêhˈem, 
Numeri,4,48,72695,שְׁמֹנַ֣ת ,,šᵊmōnˈaṯ, 
Numeri,4,48,72696,אֲלָפִ֔ים ,,ʔᵃlāfˈîm, 
Numeri,4,48,72698,חֲמֵ֥שׁ ,,ḥᵃmˌēš, 
Numeri,4,48,72699,מֵאֹ֖ות ,,mēʔˌôṯ, 
Numeri,4,48,72701,שְׁמֹנִֽים׃ ,,šᵊmōnˈîm, . 
Numeri,7,86,75139,כַּפֹּ֨ות ,,kappˌôṯ, 
Numeri,7,86,75140,זָהָ֤ב ,,zāhˈāv, 
Numeri,7,86,75141,שְׁתֵּים־,,šᵊttêm-,
Numeri,7,86,75142,עֶשְׂרֵה֙ ,,ʕeśrˌē, 
Numeri,7,86,75153,כָּל־,,kol-,
Numeri,7,86,75154,זְהַ֥ב ,,zᵊhˌav, 
Numeri,7,86,75156,כַּפֹּ֖ות ,,kkappˌôṯ, 
Numeri,7,86,75157,עֶשְׂרִ֥ים ,,ʕeśrˌîm, 
Numeri,7,86,75159,מֵאָֽה׃ ,,mēʔˈā, . 
Numeri,7,87,75160,כָּל־,,kol-,
Numeri,7,87,75162,בָּקָ֨ר ,,bbāqˌār, 
Numeri,7,87,75166,שְׁנֵ֧ים ,,šᵊnˈêm, 
Numeri,7,87,75167,עָשָׂ֣ר ,,ʕāśˈār, 
Numeri,7,87,75170,שְׁנֵים־,,šᵊnêm-,
Numeri,7,87,75171,עָשָׂר֙ ,,ʕāśˌār, 
Numeri,7,87,75175,שְׁנֵ֥ים ,,šᵊnˌêm, 
Numeri,7,87,75176,עָשָׂ֖ר ,,ʕāśˌār, 
Numeri,7,88,75187,כֹ֞ל ,,ḵˈōl, 
Numeri,7,88,75188,בְּקַ֣ר׀ ,,bᵊqˈar, 
Numeri,7,88,75189,זֶ֣בַח ,,zˈevaḥ, 
Numeri,7,88,75191,שְּׁלָמִ֗ים ,,ššᵊlāmˈîm, 
Numeri,7,88,75192,עֶשְׂרִ֣ים ,,ʕeśrˈîm, 
Numeri,7,88,75194,אַרְבָּעָה֮ ,,ʔarbāʕā, 
Numeri,7,88,75197,שִׁשִּׁים֙ ,,šiššîm, 
Numeri,7,88,75199,שִׁשִּׁ֔ים ,,šiššˈîm, 
Numeri,7,88,75203,שִׁשִּׁ֑ים ,,šiššˈîm, 
Numeri,26,7,86041,פְקֻדֵיהֶ֗ם ,,fᵊquḏêhˈem, 
Numeri,26,7,86042,שְׁלֹשָׁ֤ה ,,šᵊlōšˈā, 
Numeri,26,7,86044,אַרְבָּעִים֙ ,,ʔarbāʕîm, 
Numeri,26,7,86045,אֶ֔לֶף ,,ʔˈelef, 
Numeri,26,7,86047,שְׁבַ֥ע ,,šᵊvˌaʕ, 
Numeri,26,7,86048,מֵאֹ֖ות ,,mēʔˌôṯ, 
Numeri,26,7,86050,שְׁלֹשִֽׁים׃ ,,šᵊlōšˈîm, . 
Numeri,26,34,86414,פְקֻ֣דֵיהֶ֔ם ,,fᵊqˈuḏêhˈem, 
Numeri,26,34,86415,שְׁנַ֧יִם ,,šᵊnˈayim, 
Numeri,26,34,86417,חֲמִשִּׁ֛ים ,,ḥᵃmiššˈîm, 
Numeri,26,34,86418,אֶ֖לֶף ,,ʔˌelef, 
Numeri,26,34,86420,שְׁבַ֥ע ,,šᵊvˌaʕ, 
Numeri,26,34,86421,מֵאֹֽות׃ ס ,,mēʔˈôṯ . s, 
Numeri,26,41,86519,פְקֻ֣דֵיהֶ֔ם ,,fᵊqˈuḏêhˈem, 
Numeri,26,41,86520,חֲמִשָּׁ֧ה ,,ḥᵃmiššˈā, 
Numeri,26,41,86522,אַרְבָּעִ֛ים ,,ʔarbāʕˈîm, 
Numeri,26,41,86523,אֶ֖לֶף ,,ʔˌelef, 
Numeri,26,41,86525,שֵׁ֥שׁ ,,šˌēš, 
Numeri,26,41,86526,מֵאֹֽות׃ ס ,,mēʔˈôṯ . s, 
Numeri,26,43,86542,כָּל־,,kol-,
Numeri,26,43,86543,מִשְׁפְּחֹ֥ת ,,mišpᵊḥˌōṯ, 
Numeri,26,43,86545,שּׁוּחָמִ֖י ,,ššûḥāmˌî, 
Numeri,26,43,86548,אַרְבָּעָ֧ה ,,ʔarbāʕˈā, 
Numeri,26,43,86550,שִׁשִּׁ֛ים ,,šiššˈîm, 
Numeri,26,43,86551,אֶ֖לֶף ,,ʔˌelef, 
Numeri,26,43,86553,אַרְבַּ֥ע ,,ʔarbˌaʕ, 
Numeri,26,43,86554,מֵאֹֽות׃ ס ,,mēʔˈôṯ . s, 
Numeri,26,50,86635,פְקֻ֣דֵיהֶ֔ם ,,fᵊqˈuḏêhˈem, 
Numeri,26,50,86636,חֲמִשָּׁ֧ה ,,ḥᵃmiššˈā, 
Numeri,26,50,86638,אַרְבָּעִ֛ים ,,ʔarbāʕˈîm, 
Numeri,26,50,86639,אֶ֖לֶף ,,ʔˌelef, 
Numeri,26,50,86641,אַרְבַּ֥ע ,,ʔarbˌaʕ, 
Numeri,26,50,86642,מֵאֹֽות׃ ,,mēʔˈôṯ, . 
Numeri,26,62,86812,פְקֻדֵיהֶ֗ם ,,fᵊquḏêhˈem, 
Numeri,26,62,86813,שְׁלֹשָׁ֤ה ,,šᵊlōšˈā, 
Numeri,26,62,86815,עֶשְׂרִים֙ ,,ʕeśrîm, 
Numeri,26,62,86816,אֶ֔לֶף ,,ʔˈelef, 
Numeri,31,32,89510,מַּלְקֹ֔וחַ ,,mmalqˈôₐḥ, 
Numeri,31,32,89520,שֵׁשׁ־,,šēš-,
Numeri,31,32,89521,מֵאֹ֥ות ,,mēʔˌôṯ, 
Numeri,31,32,89522,אֶ֛לֶף ,,ʔˈelef, 
Numeri,31,32,89524,שִׁבְעִ֥ים ,,šivʕˌîm, 
Numeri,31,32,89525,אֶ֖לֶף ,,ʔˌelef, 
Numeri,31,32,89527,חֲמֵֽשֶׁת־,,ḥᵃmˈēšeṯ-,
Numeri,31,32,89528,אֲלָפִֽים׃ ,,ʔᵃlāfˈîm, . 
Numeri,31,35,89552,כָּל־,,kol-,
Numeri,31,35,89553,נֶ֕פֶשׁ ,,nˈefeš, 
Numeri,31,35,89554,שְׁנַ֥יִם ,,šᵊnˌayim, 
Numeri,31,35,89556,שְׁלֹשִׁ֖ים ,,šᵊlōšˌîm, 
Numeri,31,35,89557,אָֽלֶף׃ ,,ʔˈālef, . 
Numeri,31,36,89561,מֶּחֱצָ֔ה ,,mmeḥᵉṣˈā, 
Numeri,31,36,89571,שְׁלֹשׁ־,,šᵊlōš-,
Numeri,31,36,89572,מֵאֹ֥ות ,,mēʔˌôṯ, 
Numeri,31,36,89573,אֶ֨לֶף֙ ,,ʔˈelef, 
Numeri,31,36,89575,שְׁלֹשִׁ֣ים ,,šᵊlōšˈîm, 
Numeri,31,36,89576,אֶ֔לֶף ,,ʔˈelef, 
Numeri,31,36,89578,שִׁבְעַ֥ת ,,šivʕˌaṯ, 
Numeri,31,36,89579,אֲלָפִ֖ים ,,ʔᵃlāfˌîm, 
Numeri,31,36,89581,חֲמֵ֥שׁ ,,ḥᵃmˌēš, 
Numeri,31,36,89582,מֵאֹֽות׃ ,,mēʔˈôṯ, . 
Numeri,31,37,89586,מֶּ֥כֶס ,,mmˌeḵes, 
Numeri,31,37,89592,שֵׁ֥שׁ ,,šˌēš, 
Numeri,31,37,89593,מֵאֹ֖ות ,,mēʔˌôṯ, 
Numeri,31,37,89594,חָמֵ֥שׁ ,,ḥāmˌēš, 
Numeri,31,37,89596,שִׁבְעִֽים׃ ,,šivʕˈîm, . 
Numeri,31,38,89599,בָּקָ֔ר ,,bbāqˈār, 
Numeri,31,38,89600,שִׁשָּׁ֥ה ,,šiššˌā, 
Numeri,31,38,89602,שְׁלֹשִׁ֖ים ,,šᵊlōšˌîm, 
Numeri,31,38,89603,אָ֑לֶף ,,ʔˈālef, 
Numeri,31,38,89605,מִכְסָ֥ם ,,miḵsˌām, 
Numeri,31,38,89608,שְׁנַ֥יִם ,,šᵊnˌayim, 
Numeri,31,38,89610,שִׁבְעִֽים׃ ,,šivʕˈîm, . 
Numeri,31,39,89612,חֲמֹרִ֕ים ,,ḥᵃmōrˈîm, 
Numeri,31,39,89613,שְׁלֹשִׁ֥ים ,,šᵊlōšˌîm, 
Numeri,31,39,89614,אֶ֖לֶף ,,ʔˌelef, 
Numeri,31,39,89616,חֲמֵ֣שׁ ,,ḥᵃmˈēš, 
Numeri,31,39,89617,מֵאֹ֑ות ,,mēʔˈôṯ, 
Numeri,31,39,89619,מִכְסָ֥ם ,,miḵsˌām, 
Numeri,31,39,89622,אֶחָ֥ד ,,ʔeḥˌāḏ, 
Numeri,31,39,89624,שִׁשִּֽׁים׃ ,,šiššˈîm, . 
Numeri,31,40,89626,נֶ֣פֶשׁ ,,nˈefeš, 
Numeri,31,40,89627,אָדָ֔ם ,,ʔāḏˈām, 
Numeri,31,40,89628,שִׁשָּׁ֥ה ,,šiššˌā, 
Numeri,31,40,89629,עָשָׂ֖ר ,,ʕāśˌār, 
Numeri,31,40,89630,אָ֑לֶף ,,ʔˈālef, 
Numeri,31,40,89632,מִכְסָם֙ ,,miḵsˌām, 
Numeri,31,40,89635,שְׁנַ֥יִם ,,šᵊnˌayim, 
Numeri,31,40,89637,שְׁלֹשִׁ֖ים ,,šᵊlōšˌîm, 
Numeri,31,43,89671,מֶחֱצַ֥ת ,,meḥᵉṣˌaṯ, 
Numeri,31,43,89673,עֵדָ֖ה ,,ʕēḏˌā, 
Numeri,31,43,89677,שְׁלֹשׁ־,,šᵊlōš-,
Numeri,31,43,89678,מֵאֹ֥ות ,,mēʔˌôṯ, 
Numeri,31,43,89679,אֶ֨לֶף֙ ,,ʔˈelef, 
Numeri,31,43,89681,שְׁלֹשִׁ֣ים ,,šᵊlōšˈîm, 
Numeri,31,43,89682,אֶ֔לֶף ,,ʔˈelef, 
Numeri,31,43,89683,שִׁבְעַ֥ת ,,šivʕˌaṯ, 
Numeri,31,43,89684,אֲלָפִ֖ים ,,ʔᵃlāfˌîm, 
Numeri,31,43,89686,חֲמֵ֥שׁ ,,ḥᵃmˌēš, 
Numeri,31,43,89687,מֵאֹֽות׃ ,,mēʔˈôṯ, . 
Numeri,31,44,89689,בָקָ֕ר ,,vāqˈār, 
Numeri,31,44,89690,שִׁשָּׁ֥ה ,,šiššˌā, 
Numeri,31,44,89692,שְׁלֹשִׁ֖ים ,,šᵊlōšˌîm, 
Numeri,31,44,89693,אָֽלֶף׃ ,,ʔˈālef, . 
Numeri,31,45,89695,חֲמֹרִ֕ים ,,ḥᵃmōrˈîm, 
Numeri,31,45,89696,שְׁלֹשִׁ֥ים ,,šᵊlōšˌîm, 
Numeri,31,45,89697,אֶ֖לֶף ,,ʔˌelef, 
Numeri,31,45,89699,חֲמֵ֥שׁ ,,ḥᵃmˌēš, 
Numeri,31,45,89700,מֵאֹֽות׃ ,,mēʔˈôṯ, . 
Numeri,31,46,89702,נֶ֣פֶשׁ ,,nˈefeš, 
Numeri,31,46,89703,אָדָ֔ם ,,ʔāḏˈām, 
Numeri,31,46,89704,שִׁשָּׁ֥ה ,,šiššˌā, 
Numeri,31,46,89705,עָשָׂ֖ר ,,ʕāśˌār, 
Numeri,31,46,89706,אָֽלֶף׃ ,,ʔˈālef, . 
Numeri,31,52,89822,כָּל־,,kol-,
Numeri,31,52,89823,זְהַ֣ב ,,zᵊhˈav, 
Numeri,31,52,89825,תְּרוּמָ֗ה ,,ttᵊrûmˈā, 
Numeri,31,52,89830,שִׁשָּׁ֨ה ,,šiššˌā, 
Numeri,31,52,89831,עָשָׂ֥ר ,,ʕāśˌār, 
Numeri,31,52,89832,אֶ֛לֶף ,,ʔˈelef, 
Numeri,31,52,89833,שְׁבַע־,,šᵊvaʕ-,
Numeri,31,52,89834,מֵאֹ֥ות ,,mēʔˌôṯ, 
Numeri,31,52,89836,חֲמִשִּׁ֖ים ,,ḥᵃmiššˌîm, 
Numeri,33,39,91121,אַהֲרֹ֔ן ,,ʔahᵃrˈōn, 
Numeri,33,39,91123,שָׁלֹ֧שׁ ,,šālˈōš, 
Numeri,33,39,91125,עֶשְׂרִ֛ים ,,ʕeśrˈîm, 
Numeri,33,39,91127,מְאַ֖ת ,,mᵊʔˌaṯ, 
Numeri,35,4,91870,מִגְרְשֵׁי֙ ,,miḡrᵊšˌê, 
Numeri,35,4,91872,עָרִ֔ים ,,ʕārˈîm, 
Numeri,35,4,91884,אֶ֥לֶף ,,ʔˌelef, 
Deuteronomium,2,14,94006,יָּמִ֞ים ,,yyāmˈîm, 
Deuteronomium,2,14,94017,שְׁלֹשִׁ֥ים ,,šᵊlōšˌîm, 
Deuteronomium,2,14,94019,שְׁמֹנֶ֖ה ,,šᵊmōnˌeh, 
Deuteronomium,6,4,97048,יְהוָ֥ה׀ ,,[yᵊhwˌāh], 
Deuteronomium,6,4,97049,אֶחָֽד׃ ,,ʔeḥˈāḏ, . 
Deuteronomium,34,7,112807,מֹשֶׁ֗ה ,,mōšˈeh, 
Deuteronomium,34,7,112809,מֵאָ֧ה ,,mēʔˈā, 
Deuteronomium,34,7,112811,עֶשְׂרִ֛ים ,,ʕeśrˈîm, 
Josua,8,25,117451,כָל־,,ḵol-,
Josua,8,25,117464,שְׁנֵ֥ים ,,šᵊnˌêm, 
Josua,8,25,117465,עָשָׂ֖ר ,,ʕāśˌār, 
Josua,8,25,117466,אָ֑לֶף ,,ʔˈālef, 
Josua,12,24,120354,כָּל־,,kol-,
Josua,12,24,120355,מְלָכִ֖ים ,,mᵊlāḵˌîm, 
Josua,12,24,120356,שְׁלֹשִׁ֥ים ,,šᵊlōšˌîm, 
Josua,12,24,120358,אֶחָֽד׃ פ ,,ʔeḥˈāḏ . f, 
Josua,14,4,121067,בְנֵֽי־,,vᵊnˈê-,
Josua,14,4,121068,יֹוסֵ֛ף ,,yôsˈēf, 
Josua,14,4,121069,שְׁנֵ֥י ,,šᵊnˌê, 
Josua,14,10,121255,אָנֹכִ֣י ,,ʔānōḵˈî, 
Josua,14,10,121259,חָמֵ֥שׁ ,,ḥāmˌēš, 
Josua,14,10,121261,שְׁמֹונִ֖ים ,,šᵊmônˌîm, 
Josua,15,32,121904,כָּל־,,kol-,
Josua,15,32,121905,עָרִ֛ים ,,ʕārˈîm, 
Josua,15,32,121906,עֶשְׂרִ֥ים ,,ʕeśrˌîm, 
Josua,15,32,121908,תֵ֖שַׁע ,,ṯˌēšaʕ, 
Josua,21,19,124768,כָּל־,,kol-,
Josua,21,19,124769,עָרֵ֥י ,,ʕārˌê, 
Josua,21,19,124770,בְנֵֽי־,,vᵊnˈê-,
Josua,21,19,124771,אַהֲרֹ֖ן ,,ʔahᵃrˌōn, 
Josua,21,19,124774,שְׁלֹשׁ־,,šᵊlōš-,
Josua,21,19,124775,עֶשְׂרֵ֥ה ,,ʕeśrˌē, 
Josua,21,33,125006,כָּל־,,kol-,
Josua,21,33,125007,עָרֵ֥י ,,ʕārˌê, 
Josua,21,33,125009,גֵּרְשֻׁנִּ֖י ,,ggērᵊšunnˌî, 
Josua,21,33,125012,שְׁלֹשׁ־,,šᵊlōš-,
Josua,21,33,125013,עֶשְׂרֵ֥ה ,,ʕeśrˌē, 
Josua,21,40,125132,גֹּורָלָ֔ם ,,gôrālˈām, 
Josua,21,40,125134,שְׁתֵּ֥ים ,,šᵊttˌêm, 
Josua,21,40,125135,עֶשְׂרֵֽה׃ ,,ʕeśrˈē, . 
Josua,21,41,125136,כֹּ֚ל ,,ˈkōl, 
Josua,21,41,125137,עָרֵ֣י ,,ʕārˈê, 
Josua,21,41,125139,לְוִיִּ֔ם ,,lᵊwiyyˈim, 
Josua,21,41,125146,אַרְבָּעִ֥ים ,,ʔarbāʕˌîm, 
Josua,21,41,125148,שְׁמֹנֶ֖ה ,,šᵊmōnˌeh, 
Josua,22,20,125777,הוּא֙ ,,hû, 
Josua,22,20,125779,אֶחָ֔ד ,,ʔeḥˈāḏ, 
Judices,7,6,131567,מִסְפַּ֞ר ,,mispˈar, 
Judices,7,6,131574,שְׁלֹ֥שׁ ,,šᵊlˌōš, 
Judices,7,6,131575,מֵאֹ֖ות ,,mēʔˌôṯ, 
Judices,8,10,132357,נֹּ֣פְלִ֔ים ,,nnˈōfᵊlˈîm, 
Judices,8,10,132358,מֵאָ֨ה ,,mēʔˌā, 
Judices,8,10,132360,עֶשְׂרִ֥ים ,,ʕeśrˌîm, 
Judices,8,10,132361,אֶ֛לֶף ,,ʔˈelef, 
Judices,8,26,132673,מִשְׁקַ֞ל ,,mišqˈal, 
Judices,8,26,132674,נִזְמֵ֤י ,,nizmˈê, 
Judices,8,26,132676,זָּהָב֙ ,,zzāhˌāv, 
Judices,8,26,132679,אֶ֥לֶף ,,ʔˌelef, 
Judices,8,26,132681,שְׁבַע־,,šᵊvaʕ-,
Judices,8,26,132682,מֵאֹ֖ות ,,mēʔˌôṯ, 
Judices,20,46,140921,כָל־,,ḵol-,
Judices,20,46,140926,עֶשְׂרִים֩ ,,ʕeśrîm, 
Judices,20,46,140928,חֲמִשָּׁ֨ה ,,ḥᵃmiššˌā, 
Judices,20,46,140929,אֶ֥לֶף ,,ʔˌelef, 
Samuel_I,4,15,143629,עֵלִ֕י ,,ʕēlˈî, 
Samuel_I,4,15,143631,תִּשְׁעִ֥ים ,,tišʕˌîm, 
Samuel_I,4,15,143633,שְׁמֹנֶ֖ה ,,šᵊmōnˌeh, 
Samuel_I,6,4,144192,מִסְפַּר֙ ,,mispˌar, 
Samuel_I,6,4,144193,סַרְנֵ֣י ,,sarnˈê, 
Samuel_I,6,4,144194,פְלִשְׁתִּ֔ים ,,fᵊlištˈîm, 
Samuel_I,6,4,144195,חֲמִשָּׁה֙ ,,ḥᵃmiššˌā, 
Samuel_I,6,4,144199,חֲמִשָּׁ֖ה ,,ḥᵃmiššˌā, 
Samuel_I,11,8,147024,בְנֵֽי־,,vᵊnˈê-,
Samuel_I,11,8,147025,יִשְׂרָאֵל֙ ,,yiśrāʔˌēl, 
Samuel_I,11,8,147026,שְׁלֹ֣שׁ ,,šᵊlˈōš, 
Samuel_I,11,8,147027,מֵאֹ֣ות ,,mēʔˈôṯ, 
Samuel_I,11,8,147028,אֶ֔לֶף ,,ʔˈelef, 
Samuel_I,11,8,147030,אִ֥ישׁ ,,ʔˌîš, 
Samuel_I,11,8,147031,יְהוּדָ֖ה ,,yᵊhûḏˌā, 
Samuel_I,11,8,147032,שְׁלֹשִׁ֥ים ,,šᵊlōšˌîm, 
Samuel_I,11,8,147033,אָֽלֶף׃ ,,ʔˈālef, . 
Samuel_I,17,4,150858,גָּבְהֹ֕ו ,,gāvᵊhˈô, 
Samuel_I,17,4,150859,שֵׁ֥שׁ ,,šˌēš, 
Samuel_I,17,5,150874,מִשְׁקַל֙ ,,mišqˌal, 
Samuel_I,17,5,150876,שִּׁרְיֹ֔ון ,,šširyˈôn, 
Samuel_I,17,5,150877,חֲמֵשֶׁת־,,ḥᵃmēšeṯ-,
Samuel_I,17,5,150878,אֲלָפִ֥ים ,,ʔᵃlāfˌîm, 
Samuel_I,17,7,150898,לַהֶ֣בֶת ,,lahˈeveṯ, 
Samuel_I,17,7,150899,חֲנִיתֹ֔ו ,,ḥᵃnîṯˈô, 
Samuel_I,17,7,150900,שֵׁשׁ־,,šēš-,
Samuel_I,17,7,150901,מֵאֹ֥ות ,,mēʔˌôṯ, 
Samuel_I,27,7,158352,מִסְפַּ֣ר ,,mispˈar, 
Samuel_I,27,7,158354,יָּמִ֔ים ,,yyāmˈîm, 
Samuel_I,27,7,158363,אַרְבָּעָ֥ה ,,ʔarbāʕˌā, 
Samuel_II,2,11,161183,מִסְפַּ֣ר ,,mispˈar, 
Samuel_II,2,11,161185,יָּמִ֔ים ,,yyāmˈîm, 
Samuel_II,2,11,161195,שֶׁ֥בַע ,,šˌevaʕ, 
Samuel_II,2,11,161198,שִׁשָּׁ֥ה ,,šiššˌā, 
Samuel_II,9,13,165255,ה֥וּא ,,hˌû, 
Samuel_II,9,13,165257,שְׁתֵּ֥י ,,šᵊttˌê, 
Samuel_II,19,44,173068,דְבָרִ֥י ,,ḏᵊvārˌî, 
Samuel_II,19,44,173069,רִאשֹׁ֛ון ,,rišˈôn, 
Samuel_II,21,16,174130,מִשְׁקַ֤ל ,,mišqˈal, 
Samuel_II,21,16,174131,קֵינֹו֙ ,,qênˌô, 
Samuel_II,21,16,174132,שְׁלֹ֤שׁ ,,šᵊlˈōš, 
Samuel_II,21,16,174133,מֵאֹות֙ ,,mēʔôṯ, 
Samuel_II,21,20,174243,אֶצְבְּעֹ֣ת ,,ʔeṣbᵊʕˈōṯ, 
Samuel_II,21,20,174244,יָדָיו֩ ,,yāḏāʸw, 
Samuel_II,21,20,174246,אֶצְבְּעֹ֨ת ,,ʔeṣbᵊʕˌōṯ, 
Samuel_II,21,20,174247,רַגְלָ֜יו ,,raḡlˈāʸw, 
Samuel_II,21,20,174248,שֵׁ֣שׁ ,,šˈēš, 
Samuel_II,21,20,174250,שֵׁ֗שׁ ,,šˈēš, 
Samuel_II,23,18,175168,ה֚וּא ,,ˈhû, 
Samuel_II,23,18,175171, ֯שְּׁלֹשָׁ֔ה,שׁלשׁי ,*ššᵊlōšˈā, 
Samuel_II,23,39,175416,כֹּ֖ל ,,kˌōl, 
Samuel_II,23,39,175417,שְׁלֹשִׁ֥ים ,,šᵊlōšˌîm, 
Samuel_II,23,39,175419,שִׁבְעָֽה׃ פ ,,šivʕˈā . f, 
Samuel_II,24,9,175627,יִשְׂרָאֵ֡ל ,,yiśrāʔˈēl, 
Samuel_II,24,9,175628,שְׁמֹנֶה֩ ,,šᵊmōnˌeh, 
Samuel_II,24,9,175629,מֵאֹ֨ות ,,mēʔˌôṯ, 
Samuel_II,24,9,175630,אֶ֤לֶף ,,ʔˈelef, 
Samuel_II,24,9,175636,אִ֣ישׁ ,,ʔˈîš, 
Samuel_II,24,9,175637,יְהוּדָ֔ה ,,yᵊhûḏˈā, 
Samuel_II,24,9,175638,חֲמֵשׁ־,,ḥᵃmēš-,
Samuel_II,24,9,175639,מֵאֹ֥ות ,,mēʔˌôṯ, 
Samuel_II,24,9,175640,אֶ֖לֶף ,,ʔˌelef, 
Reges_I,2,11,177532,יָּמִ֗ים ,,yyāmˈîm, 
Reges_I,2,11,177538,אַרְבָּעִ֖ים ,,ʔarbāʕˌîm, 
Reges_I,5,2,179372,לֶֽחֶם־,,lˈeḥem-,
Reges_I,5,2,179373,שְׁלֹמֹ֖ה ,,šᵊlōmˌō, 
Reges_I,5,2,179377,שְׁלֹשִׁ֥ים ,,šᵊlōšˌîm, 
Reges_I,5,2,179381,שִׁשִּׁ֥ים ,,šiššˌîm, 
Reges_I,5,12,179586,שִׁירֹ֖ו ,,šîrˌô, 
Reges_I,5,12,179587,חֲמִשָּׁ֥ה ,,ḥᵃmiššˌā, 
Reges_I,5,12,179589,אָֽלֶף׃ ,,ʔˈālef, . 
Reges_I,5,27,179954,מַּ֔ס ,,mmˈas, 
Reges_I,5,27,179955,שְׁלֹשִׁ֥ים ,,šᵊlōšˌîm, 
Reges_I,5,27,179956,אֶ֖לֶף ,,ʔˌelef, 
Reges_I,6,1,180084,ה֚וּא ,,ˈhû, 
Reges_I,6,1,180088,שֵּׁנִ֔י ,,ššēnˈî, 
Reges_I,6,38,180825,ה֚וּא ,,ˈhû, 
Reges_I,6,38,180829,שְּׁמִינִ֔י ,,ššᵊmînˈî, 
Reges_I,7,4,180908,שְׁקֻפִ֖ים ,,šᵊqufˌîm, 
Reges_I,7,4,180909,שְׁלֹשָׁ֣ה ,,šᵊlōšˈā, 
Reges_I,7,10,181042,מְיֻסָּ֕ד ,,mᵊyussˈāḏ, 
Reges_I,7,10,181048,עֶ֣שֶׂר ,,ʕˈeśer, 
Reges_I,7,10,181052,שְׁמֹנֶ֥ה ,,šᵊmōnˌeh, 
Reges_I,7,12,181066,חָצֵ֨ר ,,ḥāṣˌēr, 
Reges_I,7,12,181070,שְׁלֹשָׁה֙ ,,šᵊlōšˌā, 
Reges_I,7,20,181291,רִמֹּונִ֤ים ,,rimmônˈîm, 
Reges_I,7,20,181292,מָאתַ֨יִם֙ ,,māṯˈayim, 
Reges_I,8,2,182111,ה֖וּא ,,hˌû, 
Reges_I,8,2,182115,שְּׁבִיעִֽי׃ ,,ššᵊvîʕˈî, . 
Reges_I,10,14,184661,מִשְׁקַ֣ל ,,mišqˈal, 
Reges_I,10,14,184663,זָּהָ֔ב ,,zzāhˈāv, 
Reges_I,10,14,184671,שֵׁ֥שׁ ,,šˌēš, 
Reges_I,10,14,184672,מֵאֹ֛ות ,,mēʔˈôṯ, 
Reges_I,10,14,184673,שִׁשִּׁ֥ים ,,šiššˌîm, 
Reges_I,10,14,184675,שֵׁ֖שׁ ,,šˌēš, 
Reges_I,11,42,185915,יָּמִ֗ים ,,yyāmˈîm, 
Reges_I,11,42,185924,אַרְבָּעִ֖ים ,,ʔarbāʕˌîm, 
Reges_I,14,20,188106,יָּמִים֙ ,,yyāmîm, 
Reges_I,14,20,188110,עֶשְׂרִ֥ים ,,ʕeśrˌîm, 
Reges_I,14,20,188112,שְׁתַּ֖יִם ,,šᵊttˌayim, 
Reges_I,18,22,190788,נְבִיאֵ֣י ,,nᵊvîʔˈê, 
Reges_I,18,22,190790,בַּ֔עַל ,,bbˈaʕal, 
Reges_I,18,22,190791,אַרְבַּע־,,ʔarbaʕ-,
Reges_I,18,22,190792,מֵאֹ֥ות ,,mēʔˌôṯ, 
Reges_I,18,22,190794,חֲמִשִּׁ֖ים ,,ḥᵃmiššˌîm, 
Reges_I,22,42,194541,יְהֹושָׁפָ֗ט ,,yᵊhôšāfˈāṭ, 
Reges_I,22,42,194543,שְׁלֹשִׁ֨ים ,,šᵊlōšˌîm, 
Reges_I,22,42,194545,חָמֵ֤שׁ ,,ḥāmˈēš, 
Reges_II,10,36,201989,יָּמִ֗ים ,,yyāmˈîm, 
Reges_II,10,36,201995,עֶשְׂרִ֥ים ,,ʕeśrˌîm, 
Reges_II,10,36,201997,שְׁמֹנֶֽה־,,šᵊmōnˈeh-,
Reges_II,14,21,204083,ה֕וּא ,,hˈû, 
Reges_II,14,21,204085,שֵׁ֥שׁ ,,šˌēš, 
Reges_II,14,21,204086,עֶשְׂרֵ֖ה ,,ʕeśrˌē, 
Reges_II,25,17,211697,קֹומַ֣ת ,,qômˈaṯ, 
Reges_II,25,17,211699,כֹּתֶרֶת֮ ,,kkōṯereṯ, 
Reges_II,25,17,211700,שָׁלֹ֣שׁ ,,šālˈōš, 
Jesaia,19,24,218565,יִשְׂרָאֵל֙ ,,yiśrāʔˌēl, 
Jesaia,19,24,218566,שְׁלִ֣ישִׁיָּ֔ה ,,šᵊlˈîšiyyˈā, 
Jesaia,30,17,222094,אֶ֣לֶף ,,ʔˈelef, 
Jesaia,30,17,222095,אֶחָ֗ד ,,ʔeḥˈāḏ, 
Jesaia,41,4,226121,אֲנִ֤י ,,ʔᵃnˈî, 
Jesaia,41,4,226123,רִאשֹׁ֔ון ,,rišˈôn, 
Jesaia,44,6,227432,אֲנִ֤י ,,ʔᵃnˈî, 
Jesaia,44,6,227433,רִאשֹׁון֙ ,,rišôn, 
Jesaia,48,12,228975,אֲנִ֣י ,,ʔᵃnˈî, 
Jesaia,48,12,228976,רִאשֹׁ֔ון ,,rišˈôn, 
Jeremia,25,3,247055,זֶ֚ה ,,ˈzeh, 
Jeremia,25,3,247056,שָׁלֹ֤שׁ ,,šālˈōš, 
Jeremia,25,3,247058,עֶשְׂרִים֙ ,,ʕeśrîm, 
Jeremia,52,21,264431,עָבְיֹ֛ו ,,ʕovyˈô, 
Jeremia,52,21,264432,אַרְבַּ֥ע ,,ʔarbˌaʕ, 
Jeremia,52,22,264440,קֹומַ֨ת ,,qômˌaṯ, 
Jeremia,52,22,264442,כֹּתֶ֥רֶת ,,kkōṯˌereṯ, 
Jeremia,52,22,264444,אַחַת֮ ,,ʔaḥaṯ, 
Jeremia,52,22,264445,חָמֵ֣שׁ ,,ḥāmˈēš, 
Jeremia,52,23,264471,רִמֹּנִ֔ים ,,rimmōnˈîm, 
Jeremia,52,23,264472,תִּשְׁעִ֥ים ,,tišʕˌîm, 
Jeremia,52,23,264474,שִׁשָּׁ֖ה ,,šiššˌā, 
Jeremia,52,30,264636,כָּל־,,kol-,
Jeremia,52,30,264637,נֶ֕פֶשׁ ,,nˈefeš, 
Jeremia,52,30,264638,אַרְבַּ֥עַת ,,ʔarbˌaʕaṯ, 
Jeremia,52,30,264639,אֲלָפִ֖ים ,,ʔᵃlāfˌîm, 
Jeremia,52,30,264641,שֵׁ֥שׁ ,,šˌēš, 
Jeremia,52,30,264642,מֵאֹֽות׃ פ ,,mēʔˈôṯ . f, 
Ezechiel,40,7,285146,סַ֣ף ,,sˈaf, 
Ezechiel,40,7,285148,שַּׁעַר ,,ššaʕˌar, 
Ezechiel,40,7,285158,אֶחָֽד׃ ,,ʔeḥˈāḏ, . 
Ezechiel,40,12,285234,גְב֞וּל ,,ḡᵊvˈûl, 
Ezechiel,40,12,285240,אֶחָ֔ת ,,ʔeḥˈāṯ, 
Ezechiel,40,13,285270,רֹ֕חַב ,,rˈōḥav, 
Ezechiel,40,13,285271,עֶשְׂרִ֥ים ,,ʕeśrˌîm, 
Ezechiel,40,13,285273,חָמֵ֖שׁ ,,ḥāmˌēš, 
Ezechiel,40,25,285541,רֹ֕חַב ,,rˈōḥav, 
Ezechiel,40,25,285542,חָמֵ֥שׁ ,,ḥāmˌēš, 
Ezechiel,40,25,285544,עֶשְׂרִ֖ים ,,ʕeśrˌîm, 
Ezechiel,40,29,285633,רֹ֕חַב ,,rˈōḥav, 
Ezechiel,40,29,285634,עֶשְׂרִ֥ים ,,ʕeśrˌîm, 
Ezechiel,40,29,285636,חָמֵ֖שׁ ,,ḥāmˌēš, 
Ezechiel,40,30,285642,אֹ֗רֶךְ ,,ʔˈōreḵ, 
Ezechiel,40,30,285643,חָמֵ֤שׁ ,,ḥāmˈēš, 
Ezechiel,40,30,285645,עֶשְׂרִים֙ ,,ʕeśrîm, 
Ezechiel,40,30,285648,רֹ֖חַב ,,rˌōḥav, 
Ezechiel,40,30,285649,חָמֵ֥שׁ ,,ḥāmˌēš, 
Ezechiel,40,33,285704,אֹ֚רֶךְ ,,ˈʔōreḵ, 
Ezechiel,40,33,285705,חֲמִשִּׁ֣ים ,,ḥᵃmiššˈîm, 
Ezechiel,40,33,285708,רֹ֕חַב ,,rˈōḥav, 
Ezechiel,40,33,285709,חָמֵ֥שׁ ,,ḥāmˌēš, 
Ezechiel,40,33,285711,עֶשְׂרִ֖ים ,,ʕeśrˌîm, 
Ezechiel,40,36,285755,אֹ֚רֶךְ ,,ˈʔōreḵ, 
Ezechiel,40,36,285756,חֲמִשִּׁ֣ים ,,ḥᵃmiššˈîm, 
Ezechiel,40,36,285759,רֹ֕חַב ,,rˈōḥav, 
Ezechiel,40,36,285760,חָמֵ֥שׁ ,,ḥāmˌēš, 
Ezechiel,40,36,285762,עֶשְׂרִ֖ים ,,ʕeśrˌîm, 
Ezechiel,40,42,285877,אֹרֶךְ֩ ,,ʔōreḵ, 
Ezechiel,40,42,285879,אַחַ֤ת ,,ʔaḥˈaṯ, 
Ezechiel,40,42,285883,רֹ֨חַב ,,rˌōḥav, 
Ezechiel,40,42,285885,אַחַת֙ ,,ʔaḥˌaṯ, 
Ezechiel,40,42,285889,גֹ֖בַהּ ,,ḡˌōvah, 
Ezechiel,40,42,285891,אֶחָ֑ת ,,ʔeḥˈāṯ, 
Ezechiel,40,47,286011,אֹ֣רֶךְ׀ ,,ʔˈōreḵ, 
Ezechiel,40,47,286012,מֵאָ֣ה ,,mēʔˈā, 
Ezechiel,40,47,286015,רֹ֛חַב ,,rˈōḥav, 
Ezechiel,40,47,286016,מֵאָ֥ה ,,mēʔˌā, 
Ezechiel,40,49,286058,אֹ֣רֶךְ ,,ʔˈōreḵ, 
Ezechiel,40,49,286060,אֻלָ֞ם ,,ʔulˈām, 
Ezechiel,40,49,286061,עֶשְׂרִ֣ים ,,ʕeśrˈîm, 
Ezechiel,40,49,286064,רֹ֨חַב֙ ,,rˈōḥav, 
Ezechiel,40,49,286065,עַשְׁתֵּ֣י ,,ʕaštˈê, 
Ezechiel,40,49,286066,עֶשְׂרֵ֣ה ,,ʕeśrˈē, 
Ezechiel,41,2,286112,רֹ֣חַב ,,rˈōḥav, 
Ezechiel,41,2,286114,פֶּתַח֮ ,,ppeṯaḥ, 
Ezechiel,41,2,286115,עֶ֣שֶׂר ,,ʕˈeśer, 
Ezechiel,41,2,286118,כִתְפֹ֣ות ,,ḵiṯᵊfˈôṯ, 
Ezechiel,41,2,286120,פֶּ֔תַח ,,ppˈeṯaḥ, 
Ezechiel,41,2,286121,חָמֵ֤שׁ ,,ḥāmˈēš, 
Ezechiel,41,8,286290,מְלֹ֣ו ,,mᵊlˈô, 
Ezechiel,41,8,286292,קָּנֶ֔ה ,,qqānˈeh, 
Ezechiel,41,8,286293,שֵׁ֥שׁ ,,šˌēš, 
Ezechiel,41,9,286296,רֹ֣חַב ,,rˈōḥav, 
Ezechiel,41,9,286298,קִּ֧יר ,,qqˈîr, 
Ezechiel,41,9,286306,חָמֵ֣שׁ ,,ḥāmˈēš, 
Ezechiel,41,11,286349,רֹ֨חַב֙ ,,rˈōḥav, 
Ezechiel,41,11,286350,מְקֹ֣ום ,,mᵊqˈôm, 
Ezechiel,41,11,286352,מֻּנָּ֔ח ,,mmunnˈāḥ, 
Ezechiel,41,11,286353,חָמֵ֥שׁ ,,ḥāmˌēš, 
Ezechiel,41,12,286359,בִּנְיָ֡ן ,,bbinyˈān, 
Ezechiel,41,12,286370,שִׁבְעִ֣ים ,,šivʕˈîm, 
Ezechiel,41,12,286373,קִ֧יר ,,qˈîr, 
Ezechiel,41,12,286375,בִּנְיָ֛ן ,,bbinyˈān, 
Ezechiel,41,12,286376,חָֽמֵשׁ־,,ḥˈāmēš-,
Ezechiel,41,12,286382,אָרְכֹּ֖ו ,,ʔorkˌô, 
Ezechiel,41,12,286383,תִּשְׁעִ֥ים ,,tišʕˌîm, 
Ezechiel,41,13,286390,אֹ֖רֶךְ ,,ʔˌōreḵ, 
Ezechiel,41,13,286391,מֵאָ֣ה ,,mēʔˈā, 
Ezechiel,41,13,286401,אֹ֖רֶךְ ,,ʔˌōreḵ, 
Ezechiel,41,13,286402,מֵאָ֥ה ,,mēʔˌā, 
Ezechiel,41,14,286405,רֹחַב֩ ,,rōḥˌav, 
Ezechiel,41,14,286406,פְּנֵ֨י ,,pᵊnˌê, 
Ezechiel,41,14,286408,בַּ֧יִת ,,bbˈayiṯ, 
Ezechiel,41,14,286411,גִּזְרָ֛ה ,,ggizrˈā, 
Ezechiel,41,14,286415,מֵאָ֥ה ,,mēʔˌā, 
Ezechiel,41,22,286585,אָרְכֹּ֣ו ,,ʔorkˈô, 
Ezechiel,41,22,286586,שְׁתַּֽיִם־,,šᵊttˈayim-,
Ezechiel,42,2,286722,רֹ֖חַב ,,rˌōḥav, 
Ezechiel,42,2,286723,חֲמִשִּׁ֥ים ,,ḥᵃmiššˌîm, 
Ezechiel,42,7,286832,אָרְכֹּ֖ו ,,ʔorkˌô, 
Ezechiel,42,7,286833,חֲמִשִּׁ֥ים ,,ḥᵃmiššˌîm, 
Ezechiel,42,8,286836,אֹ֣רֶךְ ,,ʔˈōreḵ, 
Ezechiel,42,8,286838,לְּשָׁכֹ֗ות ,,llᵊšāḵˈôṯ, 
Ezechiel,42,8,286845,חֲמִשִּׁ֣ים ,,ḥᵃmiššˈîm, 
Ezechiel,42,20,287110,אֹ֚רֶךְ ,,ˈʔōreḵ, 
Ezechiel,42,20,287111,חֲמֵ֣שׁ ,,ḥᵃmˈēš, 
Ezechiel,42,20,287112,מֵאֹ֔ות ,,mēʔˈôṯ, 
Ezechiel,42,20,287114,רֹ֖חַב ,,rˌōḥav, 
Ezechiel,42,20,287115,חֲמֵ֣שׁ ,,ḥᵃmˈēš, 
Ezechiel,42,20,287116,מֵאֹ֑ות ,,mēʔˈôṯ, 
Ezechiel,43,13,287421,גְבוּלָ֨הּ ,,ḡᵊvûlˌāh, 
Ezechiel,43,13,287427,אֶחָ֔ד ,,ʔeḥˈāḏ, 
Ezechiel,43,14,287446,רֹ֖חַב ,,rˌōḥav, 
Ezechiel,43,14,287448,אֶחָ֑ת ,,ʔeḥˈāṯ, 
Ezechiel,43,15,287468,הַרְאֵ֖ל ,,harʔˌēl, 
Ezechiel,43,15,287469,אַרְבַּ֣ע ,,ʔarbˈaʕ, 
Ezechiel,43,15,287479,קְּרָנֹ֖ות ,,qqᵊrānˌôṯ, 
Ezechiel,43,15,287480,אַרְבַּֽע׃ ,,ʔarbˈaʕ, . 
Ezechiel,45,1,288452,אֹ֗רֶךְ ,,ʔˈōreḵ, 
Ezechiel,45,1,288453,חֲמִשָּׁ֨ה ,,ḥᵃmiššˌā, 
Ezechiel,45,1,288455,עֶשְׂרִ֥ים ,,ʕeśrˌîm, 
Ezechiel,45,1,288456,אֶ֨לֶף֙ ,,ʔˈelef, 
Ezechiel,45,1,288459,רֹ֖חַב ,,rˌōḥav, 
Ezechiel,45,1,288460,עֲשָׂ֣רָה ,,ʕᵃśˈārā, 
Ezechiel,45,1,288461,אָ֑לֶף ,,ʔˈālef, 
Ezechiel,45,5,288540,חֲמִשָּׁ֨ה ,,ḥᵃmiššˌā, 
Ezechiel,45,5,288542,עֶשְׂרִ֥ים ,,ʕeśrˌîm, 
Ezechiel,45,5,288543,אֶ֨לֶף֙ ,,ʔˈelef, 
Ezechiel,45,5,288544,אֹ֔רֶךְ ,,ʔˈōreḵ, 
Ezechiel,45,5,288546,עֲשֶׂ֥רֶת ,,ʕᵃśˌereṯ, 
Ezechiel,45,5,288547,אֲלָפִ֖ים ,,ʔᵃlāfˌîm, 
Ezechiel,45,5,288548,רֹ֑חַב ,,rˈōḥav, 
Ezechiel,45,5,288560,עֶשְׂרִ֥ים ,,ʕeśrˌîm, 
Ezechiel,45,12,288725,שֶּׁ֖קֶל ,,ššˌeqel, 
Ezechiel,45,12,288726,עֶשְׂרִ֣ים ,,ʕeśrˈîm, 
Ezechiel,46,4,289159,עֹלָ֔ה ,,ʕōlˈā, 
Ezechiel,46,4,289170,שִׁשָּׁ֧ה ,,šiššˈā, 
Ezechiel,48,1,290224,דָּ֥ן ,,dˌān, 
Ezechiel,48,1,290225,אֶחָֽד׃ ,,ʔeḥˈāḏ, . 
Ezechiel,48,2,290236,אָשֵׁ֥ר ,,ʔāšˌēr, 
Ezechiel,48,2,290237,אֶחָֽד׃ ,,ʔeḥˈāḏ, . 
Ezechiel,48,3,290249,נַפְתָּלִ֥י ,,naftālˌî, 
Ezechiel,48,3,290250,אֶחָֽד׃ ,,ʔeḥˈāḏ, . 
Ezechiel,48,4,290261,מְנַשֶּׁ֥ה ,,mᵊnaššˌeh, 
Ezechiel,48,4,290262,אֶחָֽד׃ ,,ʔeḥˈāḏ, . 
Ezechiel,48,5,290273,אֶפְרַ֥יִם ,,ʔefrˌayim, 
Ezechiel,48,5,290274,אֶחָֽד׃ ,,ʔeḥˈāḏ, . 
Ezechiel,48,6,290286,רְאוּבֵ֥ן ,,rᵊʔûvˌēn, 
Ezechiel,48,6,290287,אֶחָֽד׃ ,,ʔeḥˈāḏ, . 
Ezechiel,48,7,290298,יְהוּדָ֥ה ,,yᵊhûḏˌā, 
Ezechiel,48,7,290299,אֶחָֽד׃ ,,ʔeḥˈāḏ, . 
Ezechiel,48,9,290344,אֹ֗רֶךְ ,,ʔˈōreḵ, 
Ezechiel,48,9,290345,חֲמִשָּׁ֤ה ,,ḥᵃmiššˈā, 
Ezechiel,48,9,290347,עֶשְׂרִים֙ ,,ʕeśrîm, 
Ezechiel,48,9,290348,אֶ֔לֶף ,,ʔˈelef, 
Ezechiel,48,9,290350,רֹ֖חַב ,,rˌōḥav, 
Ezechiel,48,9,290351,עֲשֶׂ֥רֶת ,,ʕᵃśˌereṯ, 
Ezechiel,48,9,290352,אֲלָפִֽים׃ ,,ʔᵃlāfˈîm, . 
Ezechiel,48,10,290370,רֹ֚חַב ,,ˈrōḥav, 
Ezechiel,48,10,290371,עֲשֶׂ֣רֶת ,,ʕᵃśˈereṯ, 
Ezechiel,48,10,290372,אֲלָפִ֔ים ,,ʔᵃlāfˈîm, 
Ezechiel,48,10,290375,רֹ֚חַב ,,ˈrōḥav, 
Ezechiel,48,10,290376,עֲשֶׂ֣רֶת ,,ʕᵃśˈereṯ, 
Ezechiel,48,10,290377,אֲלָפִ֔ים ,,ʔᵃlāfˈîm, 
Ezechiel,48,10,290380,אֹ֕רֶךְ ,,ʔˈōreḵ, 
Ezechiel,48,10,290381,חֲמִשָּׁ֥ה ,,ḥᵃmiššˌā, 
Ezechiel,48,10,290383,עֶשְׂרִ֖ים ,,ʕeśrˌîm, 
Ezechiel,48,10,290384,אָ֑לֶף ,,ʔˈālef, 
Ezechiel,48,13,290442,רֹ֖חַב ,,rˌōḥav, 
Ezechiel,48,13,290443,עֲשֶׂ֣רֶת ,,ʕᵃśˈereṯ, 
Ezechiel,48,13,290444,אֲלָפִ֑ים ,,ʔᵃlāfˈîm, 
Ezechiel,48,13,290445,כָּל־,,kol-,
Ezechiel,48,13,290446,אֹ֗רֶךְ ,,ʔˈōreḵ, 
Ezechiel,48,13,290447,חֲמִשָּׁ֤ה ,,ḥᵃmiššˈā, 
Ezechiel,48,13,290449,עֶשְׂרִים֙ ,,ʕeśrîm, 
Ezechiel,48,13,290450,אֶ֔לֶף ,,ʔˈelef, 
Ezechiel,48,13,290452,רֹ֖חַב ,,rˌōḥav, 
Ezechiel,48,13,290453,עֲשֶׂ֥רֶת ,,ʕᵃśˌereṯ, 
Ezechiel,48,13,290454,אֲלָפִֽים׃ ,,ʔᵃlāfˈîm, . 
Ezechiel,48,16,290505,פְּאַ֣ת ,,pᵊʔˈaṯ, 
Ezechiel,48,16,290506,צָפֹ֗ון ,,ṣāfˈôn, 
Ezechiel,48,16,290507,חֲמֵ֤שׁ ,,ḥᵃmˈēš, 
Ezechiel,48,16,290508,מֵאֹות֙ ,,mēʔôṯ, 
Ezechiel,48,16,290510,אַרְבַּ֣עַת ,,ʔarbˈaʕaṯ, 
Ezechiel,48,16,290511,אֲלָפִ֔ים ,,ʔᵃlāfˈîm, 
Ezechiel,48,16,290513,פְאַת־,,fᵊʔaṯ-,
Ezechiel,48,16,290514,נֶ֕גֶב ,,nˈeḡev, 
Ezechiel,48,16,290515, ֯חֲמֵ֥שׁ,חֲמֵ֥שׁ חמשׁ ,*ḥᵃmˌēš, 
Ezechiel,48,16,290516,מֵאֹ֖ות ,,mēʔˌôṯ, 
Ezechiel,48,16,290518,אַרְבַּ֣עַת ,,ʔarbˈaʕaṯ, 
Ezechiel,48,16,290519,אֲלָפִ֑ים ,,ʔᵃlāfˈîm, 
Ezechiel,48,20,290606,כָּל־,,kol-,
Ezechiel,48,20,290608,תְּרוּמָ֗ה ,,ttᵊrûmˈā, 
Ezechiel,48,20,290609,חֲמִשָּׁ֤ה ,,ḥᵃmiššˈā, 
Ezechiel,48,20,290611,עֶשְׂרִים֙ ,,ʕeśrîm, 
Ezechiel,48,20,290612,אֶ֔לֶף ,,ʔˈelef, 
Ezechiel,48,23,290724,בִּנְיָמִ֥ן ,,binyāmˌin, 
Ezechiel,48,23,290725,אֶחָֽד׃ ,,ʔeḥˈāḏ, . 
Ezechiel,48,24,290736,שִׁמְעֹ֥ון ,,šimʕˌôn, 
Ezechiel,48,24,290737,אֶחָֽד׃ ,,ʔeḥˈāḏ, . 
Ezechiel,48,25,290748,יִשָׂשכָ֥ר ,,yiśāŝḵˌār, 
Ezechiel,48,25,290749,אֶחָֽד׃ ,,ʔeḥˈāḏ, . 
Ezechiel,48,26,290760,זְבוּלֻ֥ן ,,zᵊvûlˌun, 
Ezechiel,48,26,290761,אֶחָֽד׃ ,,ʔeḥˈāḏ, . 
Ezechiel,48,27,290772,גָּ֥ד ,,gˌāḏ, 
Ezechiel,48,27,290773,אֶחָֽד׃ ,,ʔeḥˈāḏ, . 
Ezechiel,48,31,290837,שַׁ֣עַר ,,šˈaʕar, 
Ezechiel,48,31,290838,רְאוּבֵ֞ן ,,rᵊʔûvˈēn, 
Ezechiel,48,31,290839,אֶחָ֗ד ,,ʔeḥˈāḏ, 
Ezechiel,48,31,290840,שַׁ֤עַר ,,šˈaʕar, 
Ezechiel,48,31,290841,יְהוּדָה֙ ,,yᵊhûḏˌā, 
Ezechiel,48,31,290842,אֶחָ֔ד ,,ʔeḥˈāḏ, 
Ezechiel,48,31,290843,שַׁ֥עַר ,,šˌaʕar, 
Ezechiel,48,31,290844,לֵוִ֖י ,,lēwˌî, 
Ezechiel,48,31,290845,אֶחָֽד׃ ,,ʔeḥˈāḏ, . 
Ezechiel,48,32,290856,שְׁעָרִ֖ים ,,šᵊʕārˌîm, 
Ezechiel,48,32,290857,שְׁלֹשָׁ֑ה ,,šᵊlōšˈā, 
Ezechiel,48,32,290859,שַׁ֨עַר ,,šˌaʕar, 
Ezechiel,48,32,290860,יֹוסֵ֜ף ,,yôsˈēf, 
Ezechiel,48,32,290861,אֶחָ֗ד ,,ʔeḥˈāḏ, 
Ezechiel,48,32,290862,שַׁ֤עַר ,,šˈaʕar, 
Ezechiel,48,32,290863,בִּנְיָמִן֙ ,,binyāmˌin, 
Ezechiel,48,32,290864,אֶחָ֔ד ,,ʔeḥˈāḏ, 
Ezechiel,48,32,290865,שַׁ֥עַר ,,šˌaʕar, 
Ezechiel,48,32,290866,דָּ֖ן ,,dˌān, 
Ezechiel,48,32,290867,אֶחָֽד׃ ,,ʔeḥˈāḏ, . 
Ezechiel,48,33,290878,שְׁעָרִ֖ים ,,šᵊʕārˌîm, 
Ezechiel,48,33,290879,שְׁלֹשָׁ֑ה ,,šᵊlōšˈā, 
Ezechiel,48,33,290880,שַׁ֣עַר ,,šˈaʕar, 
Ezechiel,48,33,290881,שִׁמְעֹ֞ון ,,šimʕˈôn, 
Ezechiel,48,33,290882,אֶחָ֗ד ,,ʔeḥˈāḏ, 
Ezechiel,48,33,290883,שַׁ֤עַר ,,šˈaʕar, 
Ezechiel,48,33,290884,יִשָּׂשכָר֙ ,,yiśśāŝḵˌār, 
Ezechiel,48,33,290885,אֶחָ֔ד ,,ʔeḥˈāḏ, 
Ezechiel,48,33,290886,שַׁ֥עַר ,,šˌaʕar, 
Ezechiel,48,33,290887,זְבוּלֻ֖ן ,,zᵊvûlˌun, 
Ezechiel,48,33,290888,אֶחָֽד׃ ,,ʔeḥˈāḏ, . 
Ezechiel,48,34,290896,שַֽׁעֲרֵיהֶ֖ם ,,šˈaʕᵃrêhˌem, 
Ezechiel,48,34,290897,שְׁלֹשָׁ֑ה ,,šᵊlōšˈā, 
Ezechiel,48,34,290898,שַׁ֣עַר ,,šˈaʕar, 
Ezechiel,48,34,290899,גָּ֞ד ,,gˈāḏ, 
Ezechiel,48,34,290900,אֶחָ֗ד ,,ʔeḥˈāḏ, 
Ezechiel,48,34,290901,שַׁ֤עַר ,,šˈaʕar, 
Ezechiel,48,34,290902,אָשֵׁר֙ ,,ʔāšˌēr, 
Ezechiel,48,34,290903,אֶחָ֔ד ,,ʔeḥˈāḏ, 
Ezechiel,48,34,290904,שַׁ֥עַר ,,šˌaʕar, 
Ezechiel,48,34,290905,נַפְתָּלִ֖י ,,naftālˌî, 
Ezechiel,48,34,290906,אֶחָֽד׃ ,,ʔeḥˈāḏ, . 
Ezechiel,48,35,290907,סָבִ֕יב ,,sāvˈîv, 
Ezechiel,48,35,290908,שְׁמֹנָ֥ה ,,šᵊmōnˌā, 
Ezechiel,48,35,290909,עָשָׂ֖ר ,,ʕāśˌār, 
Ezechiel,48,35,290910,אָ֑לֶף ,,ʔˈālef, 
Sacharia,4,14,306139,אֵ֖לֶּה ,,ʔˌēlleh, 
Sacharia,4,14,306140,שְׁנֵ֣י ,,šᵊnˈê, 
Sacharia,5,2,306174,אָרְכָּהּ֙ ,,ʔorkˌāh, 
Sacharia,5,2,306175,עֶשְׂרִ֣ים ,,ʕeśrˈîm, 
Sacharia,5,2,306180,רָחְבָּ֖הּ ,,roḥbˌāh, 
Sacharia,5,2,306181,עֶ֥שֶׂר ,,ʕˌeśer, 
Sacharia,5,7,306292,זֹאת֙ ,,zōṯ, 
Sacharia,5,7,306294,אַחַ֔ת ,,ʔaḥˈaṯ, 
Sacharia,14,9,309131,יְהוָ֛ה ,,[yᵊhwˈāh], 
Sacharia,14,9,309132,אֶחָ֖ד ,,ʔeḥˌāḏ, 
Sacharia,14,9,309134,שְׁמֹ֥ו ,,šᵊmˌô, 
Sacharia,14,9,309135,אֶחָֽד׃ ,,ʔeḥˈāḏ, . 
Psalmi,68,18,321414,רֶ֤כֶב ,,rˈeḵev, 
Psalmi,68,18,321415,אֱלֹהִ֗ים ,,ʔᵉlōhˈîm, 
Psalmi,68,18,321416,רִבֹּתַ֣יִם ,,ribbōṯˈayim, 
Psalmi,68,18,321417,אַלְפֵ֣י ,,ʔalᵊfˈê, 
Iob,1,3,336054,מִ֠קְנֵהוּ ,,miqnēhˌû, 
Iob,1,3,336055,שִֽׁבְעַ֨ת ,,šˈivʕˌaṯ, 
Iob,1,3,336056,אַלְפֵי־,,ʔalᵊfê-,
Iob,1,3,336059,שְׁלֹ֧שֶׁת ,,šᵊlˈōšeṯ, 
Iob,1,3,336060,אַלְפֵ֣י ,,ʔalᵊfˈê, 
Iob,1,3,336063,חֲמֵ֨שׁ ,,ḥᵃmˌēš, 
Iob,1,3,336064,מֵאֹ֤ות ,,mēʔˈôṯ, 
Iob,1,3,336068,חֲמֵ֣שׁ ,,ḥᵃmˈēš, 
Iob,1,3,336069,מֵאֹ֣ות ,,mēʔˈôṯ, 
Daniel,3,1,371614,רוּמֵהּ֙ ,,rûmˌēh, 
Daniel,3,1,371616,שִׁתִּ֔ין ,,šittˈîn, 
Daniel,3,1,371617,פְּתָיֵ֖הּ ,,pᵊṯāyˌēh, 
Daniel,3,1,371619,שִׁ֑ת ,,šˈiṯ, 
Daniel,7,17,374922,אִלֵּין֙ ,,ʔillên, 
Daniel,7,17,374923,חֵיוָתָ֣א ,,ḥêwāṯˈā, 
Daniel,7,17,374924,רַבְרְבָתָ֔א ,,ravrᵊvāṯˈā, 
Daniel,7,17,374926,אִנִּ֖ין ,,ʔinnˌîn, 
Daniel,7,17,374927,אַרְבַּ֑ע ,,ʔarbˈaʕ, 
Daniel,7,17,374928,אַרְבְּעָ֥ה ,,ʔarbᵊʕˌā, 
Daniel,8,21,375635,ה֖וּא ,,hˌû, 
Daniel,8,21,375639,רִאשֹֽׁון׃ ,,rišˈôn, . 
Daniel,9,2,375787,מִסְפַּ֣ר ,,mispˈar, 
Daniel,9,2,375789,שָּׁנִ֗ים ,,ššānˈîm, 
Daniel,9,2,375803,שִׁבְעִ֥ים ,,šivʕˌîm, 
Esra,1,11,378396,כָּל־,,kol-,
Esra,1,11,378397,כֵּלִים֙ ,,kēlîm, 
Esra,1,11,378405,חֲמֵ֥שֶׁת ,,ḥᵃmˌēšeṯ, 
Esra,1,11,378406,אֲלָפִ֖ים ,,ʔᵃlāfˌîm, 
Esra,1,11,378408,אַרְבַּ֣ע ,,ʔarbˈaʕ, 
Esra,1,11,378409,מֵאֹ֑ות ,,mēʔˈôṯ, 
Esra,2,3,378467,בְּנֵ֣י ,,bᵊnˈê, 
Esra,2,3,378468,פַרְעֹ֔שׁ ,,farʕˈōš, 
Esra,2,3,378469,אַלְפַּ֕יִם ,,ʔalpˈayim, 
Esra,2,3,378470,מֵאָ֖ה ,,mēʔˌā, 
Esra,2,3,378471,שִׁבְעִ֥ים ,,šivʕˌîm, 
Esra,2,3,378473,שְׁנָֽיִם׃ ס ,,šᵊnˈāyim . s, 
Esra,2,4,378474,בְּנֵ֣י ,,bᵊnˈê, 
Esra,2,4,378475,שְׁפַטְיָ֔ה ,,šᵊfaṭyˈā, 
Esra,2,4,378476,שְׁלֹ֥שׁ ,,šᵊlˌōš, 
Esra,2,4,378477,מֵאֹ֖ות ,,mēʔˌôṯ, 
Esra,2,4,378478,שִׁבְעִ֥ים ,,šivʕˌîm, 
Esra,2,4,378480,שְׁנָֽיִם׃ ס ,,šᵊnˈāyim . s, 
Esra,2,5,378481,בְּנֵ֣י ,,bᵊnˈê, 
Esra,2,5,378482,אָרַ֔ח ,,ʔārˈaḥ, 
Esra,2,5,378483,שְׁבַ֥ע ,,šᵊvˌaʕ, 
Esra,2,5,378484,מֵאֹ֖ות ,,mēʔˌôṯ, 
Esra,2,5,378485,חֲמִשָּׁ֥ה ,,ḥᵃmiššˌā, 
Esra,2,5,378487,שִׁבְעִֽים׃ ס ,,šivʕˈîm . s, 
Esra,2,6,378488,בְּנֵֽי־,,bᵊnˈê-,
Esra,2,6,378489,פַחַ֥ת מֹואָ֛ב ,,faḥˌaṯ môʔˈāv, 
Esra,2,6,378494,אַלְפַּ֕יִם ,,ʔalpˈayim, 
Esra,2,6,378495,שְׁמֹנֶ֥ה ,,šᵊmōnˌeh, 
Esra,2,6,378496,מֵאֹ֖ות ,,mēʔˌôṯ, 
Esra,2,6,378498,שְׁנֵ֥ים ,,šᵊnˌêm, 
Esra,2,6,378499,עָשָֽׂר׃ ס ,,ʕāśˈār . s, 
Esra,2,7,378500,בְּנֵ֣י ,,bᵊnˈê, 
Esra,2,7,378501,עֵילָ֔ם ,,ʕêlˈām, 
Esra,2,7,378502,אֶ֕לֶף ,,ʔˈelef, 
Esra,2,7,378503,מָאתַ֖יִם ,,māṯˌayim, 
Esra,2,7,378504,חֲמִשִּׁ֥ים ,,ḥᵃmiššˌîm, 
Esra,2,7,378506,אַרְבָּעָֽה׃ ס ,,ʔarbāʕˈā . s, 
Esra,2,8,378507,בְּנֵ֣י ,,bᵊnˈê, 
Esra,2,8,378508,זַתּ֔וּא ,,zattˈû, 
Esra,2,8,378509,תְּשַׁ֥ע ,,tᵊšˌaʕ, 
Esra,2,8,378510,מֵאֹ֖ות ,,mēʔˌôṯ, 
Esra,2,8,378512,אַרְבָּעִ֥ים ,,ʔarbāʕˌîm, 
Esra,2,8,378514,חֲמִשָּֽׁה׃ ס ,,ḥᵃmiššˈā . s, 
Esra,2,9,378515,בְּנֵ֣י ,,bᵊnˈê, 
Esra,2,9,378516,זַכָּ֔י ,,zakkˈāy, 
Esra,2,9,378517,שְׁבַ֥ע ,,šᵊvˌaʕ, 
Esra,2,9,378518,מֵאֹ֖ות ,,mēʔˌôṯ, 
Esra,2,9,378520,שִׁשִּֽׁים׃ ס ,,šiššˈîm . s, 
Esra,2,10,378521,בְּנֵ֣י ,,bᵊnˈê, 
Esra,2,10,378522,בָנִ֔י ,,vānˈî, 
Esra,2,10,378523,שֵׁ֥שׁ ,,šˌēš, 
Esra,2,10,378524,מֵאֹ֖ות ,,mēʔˌôṯ, 
Esra,2,10,378525,אַרְבָּעִ֥ים ,,ʔarbāʕˌîm, 
Esra,2,10,378527,שְׁנָֽיִם׃ ס ,,šᵊnˈāyim . s, 
Esra,2,11,378528,בְּנֵ֣י ,,bᵊnˈê, 
Esra,2,11,378529,בֵבָ֔י ,,vēvˈāy, 
Esra,2,11,378530,שֵׁ֥שׁ ,,šˌēš, 
Esra,2,11,378531,מֵאֹ֖ות ,,mēʔˌôṯ, 
Esra,2,11,378532,עֶשְׂרִ֥ים ,,ʕeśrˌîm, 
Esra,2,11,378534,שְׁלֹשָֽׁה׃ ס ,,šᵊlōšˈā . s, 
Esra,2,12,378535,בְּנֵ֣י ,,bᵊnˈê, 
Esra,2,12,378536,עַזְגָּ֔ד ,,ʕazgˈāḏ, 
Esra,2,12,378537,אֶ֕לֶף ,,ʔˈelef, 
Esra,2,12,378538,מָאתַ֖יִם ,,māṯˌayim, 
Esra,2,12,378539,עֶשְׂרִ֥ים ,,ʕeśrˌîm, 
Esra,2,12,378541,שְׁנָֽיִם׃ ס ,,šᵊnˈāyim . s, 
Esra,2,13,378542,בְּנֵי֙ ,,bᵊnˌê, 
Esra,2,13,378543,אֲדֹ֣נִיקָ֔ם ,,ʔᵃḏˈōnîqˈām, 
Esra,2,13,378544,שֵׁ֥שׁ ,,šˌēš, 
Esra,2,13,378545,מֵאֹ֖ות ,,mēʔˌôṯ, 
Esra,2,13,378546,שִׁשִּׁ֥ים ,,šiššˌîm, 
Esra,2,13,378548,שִׁשָּֽׁה׃ ס ,,šiššˈā . s, 
Esra,2,14,378549,בְּנֵ֣י ,,bᵊnˈê, 
Esra,2,14,378550,בִגְוָ֔י ,,viḡwˈāy, 
Esra,2,14,378551,אַלְפַּ֖יִם ,,ʔalpˌayim, 
Esra,2,14,378552,חֲמִשִּׁ֥ים ,,ḥᵃmiššˌîm, 
Esra,2,14,378554,שִׁשָּֽׁה׃ ס ,,šiššˈā . s, 
Esra,2,15,378555,בְּנֵ֣י ,,bᵊnˈê, 
Esra,2,15,378556,עָדִ֔ין ,,ʕāḏˈîn, 
Esra,2,15,378557,אַרְבַּ֥ע ,,ʔarbˌaʕ, 
Esra,2,15,378558,מֵאֹ֖ות ,,mēʔˌôṯ, 
Esra,2,15,378559,חֲמִשִּׁ֥ים ,,ḥᵃmiššˌîm, 
Esra,2,15,378561,אַרְבָּעָֽה׃ ס ,,ʔarbāʕˈā . s, 
Esra,2,16,378562,בְּנֵֽי־,,bᵊnˈê-,
Esra,2,16,378563,אָטֵ֥ר ,,ʔāṭˌēr, 
Esra,2,16,378566,תִּשְׁעִ֥ים ,,tišʕˌîm, 
Esra,2,16,378568,שְׁמֹנָֽה׃ ס ,,šᵊmōnˈā . s, 
Esra,2,17,378569,בְּנֵ֣י ,,bᵊnˈê, 
Esra,2,17,378570,בֵצָ֔י ,,vēṣˈāy, 
Esra,2,17,378571,שְׁלֹ֥שׁ ,,šᵊlˌōš, 
Esra,2,17,378572,מֵאֹ֖ות ,,mēʔˌôṯ, 
Esra,2,17,378573,עֶשְׂרִ֥ים ,,ʕeśrˌîm, 
Esra,2,17,378575,שְׁלֹשָֽׁה׃ ס ,,šᵊlōšˈā . s, 
Esra,2,18,378576,בְּנֵ֣י ,,bᵊnˈê, 
Esra,2,18,378577,יֹורָ֔ה ,,yôrˈā, 
Esra,2,18,378578,מֵאָ֖ה ,,mēʔˌā, 
Esra,2,18,378580,שְׁנֵ֥ים ,,šᵊnˌêm, 
Esra,2,18,378581,עָשָֽׂר׃ ס ,,ʕāśˈār . s, 
Esra,2,19,378582,בְּנֵ֣י ,,bᵊnˈê, 
Esra,2,19,378583,חָשֻׁ֔ם ,,ḥāšˈum, 
Esra,2,19,378584,מָאתַ֖יִם ,,māṯˌayim, 
Esra,2,19,378585,עֶשְׂרִ֥ים ,,ʕeśrˌîm, 
Esra,2,19,378587,שְׁלֹשָֽׁה׃ ס ,,šᵊlōšˈā . s, 
Esra,2,20,378588,בְּנֵ֥י ,,bᵊnˌê, 
Esra,2,20,378589,גִבָּ֖ר ,,ḡibbˌār, 
Esra,2,20,378590,תִּשְׁעִ֥ים ,,tišʕˌîm, 
Esra,2,20,378592,חֲמִשָּֽׁה׃ ס ,,ḥᵃmiššˈā . s, 
Esra,2,21,378593,בְּנֵ֣י ,,bᵊnˈê, 
Esra,2,21,378594,בֵֽית־לָ֔חֶם ,,vˈêṯ-lˈāḥem, 
Esra,2,21,378595,מֵאָ֖ה ,,mēʔˌā, 
Esra,2,21,378596,עֶשְׂרִ֥ים ,,ʕeśrˌîm, 
Esra,2,21,378598,שְׁלֹשָֽׁה׃ ס ,,šᵊlōšˈā . s, 
Esra,2,22,378599,אַנְשֵׁ֥י ,,ʔanšˌê, 
Esra,2,22,378600,נְטֹפָ֖ה ,,nᵊṭōfˌā, 
Esra,2,22,378601,חֲמִשִּׁ֥ים ,,ḥᵃmiššˌîm, 
Esra,2,22,378603,שִׁשָּֽׁה׃ ,,šiššˈā, . 
Esra,2,23,378604,אַנְשֵׁ֣י ,,ʔanšˈê, 
Esra,2,23,378605,עֲנָתֹ֔ות ,,ʕᵃnāṯˈôṯ, 
Esra,2,23,378606,מֵאָ֖ה ,,mēʔˌā, 
Esra,2,23,378607,עֶשְׂרִ֥ים ,,ʕeśrˌîm, 
Esra,2,23,378609,שְׁמֹנָֽה׃ ס ,,šᵊmōnˈā . s, 
Esra,2,24,378610,בְּנֵ֥י ,,bᵊnˌê, 
Esra,2,24,378611,עַזְמָ֖וֶת ,,ʕazmˌāweṯ, 
Esra,2,24,378612,אַרְבָּעִ֥ים ,,ʔarbāʕˌîm, 
Esra,2,24,378614,שְׁנָֽיִם׃ ס ,,šᵊnˈāyim . s, 
Esra,2,25,378615,בְּנֵ֨י ,,bᵊnˌê, 
Esra,2,25,378616,קִרְיַ֤ת עָרִים֙ ,,qiryˈaṯ ʕārîm, 
Esra,2,25,378617,כְּפִירָ֣ה ,,kᵊfîrˈā, 
Esra,2,25,378619,בְאֵרֹ֔ות ,,vᵊʔērˈôṯ, 
Esra,2,25,378620,שְׁבַ֥ע ,,šᵊvˌaʕ, 
Esra,2,25,378621,מֵאֹ֖ות ,,mēʔˌôṯ, 
Esra,2,25,378623,אַרְבָּעִ֥ים ,,ʔarbāʕˌîm, 
Esra,2,25,378625,שְׁלֹשָֽׁה׃ ס ,,šᵊlōšˈā . s, 
Esra,2,26,378626,בְּנֵ֤י ,,bᵊnˈê, 
Esra,2,26,378628,רָמָה֙ ,,rāmˌā, 
Esra,2,26,378630,גָ֔בַע ,,ḡˈāvaʕ, 
Esra,2,26,378631,שֵׁ֥שׁ ,,šˌēš, 
Esra,2,26,378632,מֵאֹ֖ות ,,mēʔˌôṯ, 
Esra,2,26,378633,עֶשְׂרִ֥ים ,,ʕeśrˌîm, 
Esra,2,26,378635,אֶחָֽד׃ ס ,,ʔeḥˈāḏ . s, 
Esra,2,27,378636,אַנְשֵׁ֣י ,,ʔanšˈê, 
Esra,2,27,378637,מִכְמָ֔ס ,,miḵmˈās, 
Esra,2,27,378638,מֵאָ֖ה ,,mēʔˌā, 
Esra,2,27,378639,עֶשְׂרִ֥ים ,,ʕeśrˌîm, 
Esra,2,27,378641,שְׁנָֽיִם׃ ס ,,šᵊnˈāyim . s, 
Esra,2,28,378642,אַנְשֵׁ֤י ,,ʔanšˈê, 
Esra,2,28,378643,בֵֽית־אֵל֙ ,,vˈêṯ-ʔˌēl, 
Esra,2,28,378646,עָ֔י ,,ʕˈāy, 
Esra,2,28,378647,מָאתַ֖יִם ,,māṯˌayim, 
Esra,2,28,378648,עֶשְׂרִ֥ים ,,ʕeśrˌîm, 
Esra,2,28,378650,שְׁלֹשָֽׁה׃ ס ,,šᵊlōšˈā . s, 
Esra,2,29,378651,בְּנֵ֥י ,,bᵊnˌê, 
Esra,2,29,378652,נְבֹ֖ו ,,nᵊvˌô, 
Esra,2,29,378653,חֲמִשִּׁ֥ים ,,ḥᵃmiššˌîm, 
Esra,2,29,378655,שְׁנָֽיִם׃ ס ,,šᵊnˈāyim . s, 
Esra,2,30,378656,בְּנֵ֣י ,,bᵊnˈê, 
Esra,2,30,378657,מַגְבִּ֔ישׁ ,,maḡbˈîš, 
Esra,2,30,378658,מֵאָ֖ה ,,mēʔˌā, 
Esra,2,30,378659,חֲמִשִּׁ֥ים ,,ḥᵃmiššˌîm, 
Esra,2,30,378661,שִׁשָּֽׁה׃ ס ,,šiššˈā . s, 
Esra,2,31,378662,בְּנֵי֙ ,,bᵊnˌê, 
Esra,2,31,378663,עֵילָ֣ם ,,ʕêlˈām, 
Esra,2,31,378664,אַחֵ֔ר ,,ʔaḥˈēr, 
Esra,2,31,378665,אֶ֕לֶף ,,ʔˈelef, 
Esra,2,31,378666,מָאתַ֖יִם ,,māṯˌayim, 
Esra,2,31,378667,חֲמִשִּׁ֥ים ,,ḥᵃmiššˌîm, 
Esra,2,31,378669,אַרְבָּעָֽה׃ ס ,,ʔarbāʕˈā . s, 
Esra,2,32,378670,בְּנֵ֣י ,,bᵊnˈê, 
Esra,2,32,378671,חָרִ֔ם ,,ḥārˈim, 
Esra,2,32,378672,שְׁלֹ֥שׁ ,,šᵊlˌōš, 
Esra,2,32,378673,מֵאֹ֖ות ,,mēʔˌôṯ, 
Esra,2,32,378675,עֶשְׂרִֽים׃ ס ,,ʕeśrˈîm . s, 
Esra,2,33,378676,בְּנֵי־,,bᵊnê-,
Esra,2,33,378677,לֹד֙ ,,lˌōḏ, 
Esra,2,33,378678,חָדִ֣יד ,,ḥāḏˈîḏ, 
Esra,2,33,378680,אֹונֹ֔ו ,,ʔônˈô, 
Esra,2,33,378681,שְׁבַ֥ע ,,šᵊvˌaʕ, 
Esra,2,33,378682,מֵאֹ֖ות ,,mēʔˌôṯ, 
Esra,2,33,378683,עֶשְׂרִ֥ים ,,ʕeśrˌîm, 
Esra,2,33,378685,חֲמִשָּֽׁה׃ ס ,,ḥᵃmiššˈā . s, 
Esra,2,34,378686,בְּנֵ֣י ,,bᵊnˈê, 
Esra,2,34,378687,יְרֵחֹ֔ו ,,yᵊrēḥˈô, 
Esra,2,34,378688,שְׁלֹ֥שׁ ,,šᵊlˌōš, 
Esra,2,34,378689,מֵאֹ֖ות ,,mēʔˌôṯ, 
Esra,2,34,378690,אַרְבָּעִ֥ים ,,ʔarbāʕˌîm, 
Esra,2,34,378692,חֲמִשָּֽׁה׃ ס ,,ḥᵃmiššˈā . s, 
Esra,2,35,378693,בְּנֵ֣י ,,bᵊnˈê, 
Esra,2,35,378694,סְנָאָ֔ה ,,sᵊnāʔˈā, 
Esra,2,35,378695,שְׁלֹ֣שֶׁת ,,šᵊlˈōšeṯ, 
Esra,2,35,378696,אֲלָפִ֔ים ,,ʔᵃlāfˈîm, 
Esra,2,35,378698,שֵׁ֥שׁ ,,šˌēš, 
Esra,2,35,378699,מֵאֹ֖ות ,,mēʔˌôṯ, 
Esra,2,35,378701,שְׁלֹשִֽׁים׃ ס ,,šᵊlōšˈîm . s, 
Esra,2,36,378704,בְּנֵ֤י ,,bᵊnˈê, 
Esra,2,36,378705,יְדַֽעְיָה֙ ,,yᵊḏˈaʕyā, 
Esra,2,36,378709,תְּשַׁ֥ע ,,tᵊšˌaʕ, 
Esra,2,36,378710,מֵאֹ֖ות ,,mēʔˌôṯ, 
Esra,2,36,378711,שִׁבְעִ֥ים ,,šivʕˌîm, 
Esra,2,36,378713,שְׁלֹשָֽׁה׃ ס ,,šᵊlōšˈā . s, 
Esra,2,37,378714,בְּנֵ֣י ,,bᵊnˈê, 
Esra,2,37,378715,אִמֵּ֔ר ,,ʔimmˈēr, 
Esra,2,37,378716,אֶ֖לֶף ,,ʔˌelef, 
Esra,2,37,378717,חֲמִשִּׁ֥ים ,,ḥᵃmiššˌîm, 
Esra,2,37,378719,שְׁנָֽיִם׃ ס ,,šᵊnˈāyim . s, 
Esra,2,38,378720,בְּנֵ֣י ,,bᵊnˈê, 
Esra,2,38,378721,פַשְׁח֔וּר ,,fašḥˈûr, 
Esra,2,38,378722,אֶ֕לֶף ,,ʔˈelef, 
Esra,2,38,378723,מָאתַ֖יִם ,,māṯˌayim, 
Esra,2,38,378724,אַרְבָּעִ֥ים ,,ʔarbāʕˌîm, 
Esra,2,38,378726,שִׁבְעָֽה׃ ס ,,šivʕˈā . s, 
Esra,2,39,378727,בְּנֵ֣י ,,bᵊnˈê, 
Esra,2,39,378728,חָרִ֔ם ,,ḥārˈim, 
Esra,2,39,378729,אֶ֖לֶף ,,ʔˌelef, 
Esra,2,39,378731,שִׁבְעָ֥ה ,,šivʕˌā, 
Esra,2,39,378732,עָשָֽׂר׃ ס ,,ʕāśˈār . s, 
Esra,2,40,378735,בְּנֵי־,,bᵊnê-,
Esra,2,40,378736,יֵשׁ֧וּעַ ,,yēšˈûₐʕ, 
Esra,2,40,378738,קַדְמִיאֵ֛ל ,,qaḏmîʔˈēl, 
Esra,2,40,378742,שִׁבְעִ֥ים ,,šivʕˌîm, 
Esra,2,40,378744,אַרְבָּעָֽה׃ ס ,,ʔarbāʕˈā . s, 
Esra,2,41,378747,בְּנֵ֣י ,,bᵊnˈê, 
Esra,2,41,378748,אָסָ֔ף ,,ʔāsˈāf, 
Esra,2,41,378749,מֵאָ֖ה ,,mēʔˌā, 
Esra,2,41,378750,עֶשְׂרִ֥ים ,,ʕeśrˌîm, 
Esra,2,41,378752,שְׁמֹנָֽה׃ פ ,,šᵊmōnˈā . f, 
Esra,2,42,378769,כֹּ֕ל ,,kkˈōl, 
Esra,2,42,378770,מֵאָ֖ה ,,mēʔˌā, 
Esra,2,42,378771,שְׁלֹשִׁ֥ים ,,šᵊlōšˌîm, 
Esra,2,42,378773,תִשְׁעָֽה׃ פ ,,ṯišʕˈā . f, 
Esra,2,58,378870,כָּ֨ל־,,kˌol-,
Esra,2,58,378872,נְּתִינִ֔ים ,,nnᵊṯînˈîm, 
Esra,2,58,378874,בְנֵ֖י ,,vᵊnˌê, 
Esra,2,58,378875,עַבְדֵ֣י ,,ʕavᵊḏˈê, 
Esra,2,58,378876,שְׁלֹמֹ֑ה ,,šᵊlōmˈō, 
Esra,2,58,378877,שְׁלֹ֥שׁ ,,šᵊlˌōš, 
Esra,2,58,378878,מֵאֹ֖ות ,,mēʔˌôṯ, 
Esra,2,58,378879,תִּשְׁעִ֥ים ,,tišʕˌîm, 
Esra,2,58,378881,שְׁנָֽיִם׃ ס ,,šᵊnˈāyim . s, 
Esra,2,60,378905,בְּנֵי־,,bᵊnê-,
Esra,2,60,378906,דְלָיָ֥ה ,,ḏᵊlāyˌā, 
Esra,2,60,378907,בְנֵי־,,vᵊnê-,
Esra,2,60,378908,טֹובִיָּ֖ה ,,ṭôviyyˌā, 
Esra,2,60,378909,בְּנֵ֣י ,,bᵊnˈê, 
Esra,2,60,378910,נְקֹודָ֑א ,,nᵊqôḏˈā, 
Esra,2,60,378911,שֵׁ֥שׁ ,,šˌēš, 
Esra,2,60,378912,מֵאֹ֖ות ,,mēʔˌôṯ, 
Esra,2,60,378913,חֲמִשִּׁ֥ים ,,ḥᵃmiššˌîm, 
Esra,2,60,378915,שְׁנָֽיִם׃ ס ,,šᵊnˈāyim . s, 
Esra,2,64,378973,כָּל־,,kol-,
Esra,2,64,378975,קָּהָ֖ל ,,qqāhˌāl, 
Esra,2,64,378978,אַרְבַּ֣ע ,,ʔarbˈaʕ, 
Esra,2,64,378979,רִבֹּ֔וא ,,ribbˈô, 
Esra,2,64,378980,אַלְפַּ֖יִם ,,ʔalpˌayim, 
Esra,2,64,378981,שְׁלֹשׁ־,,šᵊlōš-,
Esra,2,64,378982,מֵאֹ֥ות ,,mēʔˌôṯ, 
Esra,2,64,378983,שִׁשִּֽׁים׃ ,,šiššˈîm, . 
Esra,2,65,378990,אֵ֔לֶּה ,,ʔˈēlleh, 
Esra,2,65,378991,שִׁבְעַ֣ת ,,šivʕˈaṯ, 
Esra,2,65,378992,אֲלָפִ֔ים ,,ʔᵃlāfˈîm, 
Esra,2,65,378993,שְׁלֹ֥שׁ ,,šᵊlˌōš, 
Esra,2,65,378994,מֵאֹ֖ות ,,mēʔˌôṯ, 
Esra,2,65,378995,שְׁלֹשִׁ֣ים ,,šᵊlōšˈîm, 
Esra,2,65,378997,שִׁבְעָ֑ה ,,šivʕˈā, 
Esra,2,66,379004,סוּסֵיהֶ֕ם ,,sûsêhˈem, 
Esra,2,66,379005,שְׁבַ֥ע ,,šᵊvˌaʕ, 
Esra,2,66,379006,מֵאֹ֖ות ,,mēʔˌôṯ, 
Esra,2,66,379007,שְׁלֹשִׁ֣ים ,,šᵊlōšˈîm, 
Esra,2,66,379009,שִׁשָּׁ֑ה ,,šiššˈā, 
Esra,2,66,379010,פִּרְדֵיהֶ֕ם ,,pirᵊḏêhˈem, 
Esra,2,66,379011,מָאתַ֖יִם ,,māṯˌayim, 
Esra,2,66,379012,אַרְבָּעִ֥ים ,,ʔarbāʕˌîm, 
Esra,2,66,379014,חֲמִשָּֽׁה׃ ,,ḥᵃmiššˈā, . 
Esra,2,67,379015,גְּמַ֨לֵּיהֶ֔ם ,,gᵊmˌallêhˈem, 
Esra,2,67,379016,אַרְבַּ֥ע ,,ʔarbˌaʕ, 
Esra,2,67,379017,מֵאֹ֖ות ,,mēʔˌôṯ, 
Esra,2,67,379018,שְׁלֹשִׁ֣ים ,,šᵊlōšˈîm, 
Esra,2,67,379020,חֲמִשָּׁ֑ה ,,ḥᵃmiššˈā, 
Esra,2,67,379021,חֲמֹרִ֕ים ,,ḥᵃmōrˈîm, 
Esra,2,67,379022,שֵׁ֣שֶׁת ,,šˈēšeṯ, 
Esra,2,67,379023,אֲלָפִ֔ים ,,ʔᵃlāfˈîm, 
Esra,2,67,379024,שְׁבַ֥ע ,,šᵊvˌaʕ, 
Esra,2,67,379025,מֵאֹ֖ות ,,mēʔˌôṯ, 
Esra,2,67,379027,עֶשְׂרִֽים׃ פ ,,ʕeśrˈîm . f, 
Esra,6,3,380487,רוּמֵהּ֙ ,,rûmˌēh, 
Esra,6,3,380489,שִׁתִּ֔ין ,,šittˈîn, 
Esra,6,3,380490,פְּתָיֵ֖הּ ,,pᵊṯāyˌēh, 
Esra,6,3,380492,שִׁתִּֽין׃ ,,šittˈîn, . 
Esra,6,4,380493,נִדְבָּכִ֞ין ,,niḏbāḵˈîn, 
Esra,6,4,380497,תְּלָתָ֔א ,,tᵊlāṯˈā, 
Esra,10,9,382921,ה֛וּא ,,hˈû, 
Esra,10,9,382924,תְּשִׁיעִ֖י ,,ttᵊšîʕˌî, 
Nehemia,7,8,386515,בְּנֵ֣י ,,bᵊnˈê, 
Nehemia,7,8,386516,פַרְעֹ֔שׁ ,,farʕˈōš, 
Nehemia,7,8,386517,אַלְפַּ֕יִם ,,ʔalpˈayim, 
Nehemia,7,8,386518,מֵאָ֖ה ,,mēʔˌā, 
Nehemia,7,8,386520,שִׁבְעִ֥ים ,,šivʕˌîm, 
Nehemia,7,8,386522,שְׁנָֽיִם׃ ס ,,šᵊnˈāyim . s, 
Nehemia,7,9,386523,בְּנֵ֣י ,,bᵊnˈê, 
Nehemia,7,9,386524,שְׁפַטְיָ֔ה ,,šᵊfaṭyˈā, 
Nehemia,7,9,386525,שְׁלֹ֥שׁ ,,šᵊlˌōš, 
Nehemia,7,9,386526,מֵאֹ֖ות ,,mēʔˌôṯ, 
Nehemia,7,9,386527,שִׁבְעִ֥ים ,,šivʕˌîm, 
Nehemia,7,9,386529,שְׁנָֽיִם׃ ס ,,šᵊnˈāyim . s, 
Nehemia,7,10,386530,בְּנֵ֣י ,,bᵊnˈê, 
Nehemia,7,10,386531,אָרַ֔ח ,,ʔārˈaḥ, 
Nehemia,7,10,386532,שֵׁ֥שׁ ,,šˌēš, 
Nehemia,7,10,386533,מֵאֹ֖ות ,,mēʔˌôṯ, 
Nehemia,7,10,386534,חֲמִשִּׁ֥ים ,,ḥᵃmiššˌîm, 
Nehemia,7,10,386536,שְׁנָֽיִם׃ ס ,,šᵊnˈāyim . s, 
Nehemia,7,11,386537,בְּנֵֽי־,,bᵊnˈê-,
Nehemia,7,11,386538,פַחַ֥ת מֹואָ֛ב ,,faḥˌaṯ môʔˈāv, 
Nehemia,7,11,386544,אַלְפַּ֕יִם ,,ʔalpˈayim, 
Nehemia,7,11,386546,שְׁמֹנֶ֥ה ,,šᵊmōnˌeh, 
Nehemia,7,11,386547,מֵאֹ֖ות ,,mēʔˌôṯ, 
Nehemia,7,11,386548,שְׁמֹנָ֥ה ,,šᵊmōnˌā, 
Nehemia,7,11,386549,עָשָֽׂר׃ ס ,,ʕāśˈār . s, 
Nehemia,7,12,386550,בְּנֵ֣י ,,bᵊnˈê, 
Nehemia,7,12,386551,עֵילָ֔ם ,,ʕêlˈām, 
Nehemia,7,12,386552,אֶ֕לֶף ,,ʔˈelef, 
Nehemia,7,12,386553,מָאתַ֖יִם ,,māṯˌayim, 
Nehemia,7,12,386554,חֲמִשִּׁ֥ים ,,ḥᵃmiššˌîm, 
Nehemia,7,12,386556,אַרְבָּעָֽה׃ ס ,,ʔarbāʕˈā . s, 
Nehemia,7,13,386557,בְּנֵ֣י ,,bᵊnˈê, 
Nehemia,7,13,386558,זַתּ֔וּא ,,zattˈû, 
Nehemia,7,13,386559,שְׁמֹנֶ֥ה ,,šᵊmōnˌeh, 
Nehemia,7,13,386560,מֵאֹ֖ות ,,mēʔˌôṯ, 
Nehemia,7,13,386561,אַרְבָּעִ֥ים ,,ʔarbāʕˌîm, 
Nehemia,7,13,386563,חֲמִשָּֽׁה׃ ס ,,ḥᵃmiššˈā . s, 
Nehemia,7,14,386564,בְּנֵ֣י ,,bᵊnˈê, 
Nehemia,7,14,386565,זַכָּ֔י ,,zakkˈāy, 
Nehemia,7,14,386566,שְׁבַ֥ע ,,šᵊvˌaʕ, 
Nehemia,7,14,386567,מֵאֹ֖ות ,,mēʔˌôṯ, 
Nehemia,7,14,386569,שִׁשִּֽׁים׃ ס ,,šiššˈîm . s, 
Nehemia,7,15,386570,בְּנֵ֣י ,,bᵊnˈê, 
Nehemia,7,15,386571,בִנּ֔וּי ,,vinnˈûy, 
Nehemia,7,15,386572,שֵׁ֥שׁ ,,šˌēš, 
Nehemia,7,15,386573,מֵאֹ֖ות ,,mēʔˌôṯ, 
Nehemia,7,15,386574,אַרְבָּעִ֥ים ,,ʔarbāʕˌîm, 
Nehemia,7,15,386576,שְׁמֹנָֽה׃ ס ,,šᵊmōnˈā . s, 
Nehemia,7,16,386577,בְּנֵ֣י ,,bᵊnˈê, 
Nehemia,7,16,386578,בֵבָ֔י ,,vēvˈāy, 
Nehemia,7,16,386579,שֵׁ֥שׁ ,,šˌēš, 
Nehemia,7,16,386580,מֵאֹ֖ות ,,mēʔˌôṯ, 
Nehemia,7,16,386581,עֶשְׂרִ֥ים ,,ʕeśrˌîm, 
Nehemia,7,16,386583,שְׁמֹנָֽה׃ ס ,,šᵊmōnˈā . s, 
Nehemia,7,17,386584,בְּנֵ֣י ,,bᵊnˈê, 
Nehemia,7,17,386585,עַזְגָּ֔ד ,,ʕazgˈāḏ, 
Nehemia,7,17,386586,אַלְפַּ֕יִם ,,ʔalpˈayim, 
Nehemia,7,17,386587,שְׁלֹ֥שׁ ,,šᵊlˌōš, 
Nehemia,7,17,386588,מֵאֹ֖ות ,,mēʔˌôṯ, 
Nehemia,7,17,386589,עֶשְׂרִ֥ים ,,ʕeśrˌîm, 
Nehemia,7,17,386591,שְׁנָֽיִם׃ ס ,,šᵊnˈāyim . s, 
Nehemia,7,18,386592,בְּנֵי֙ ,,bᵊnˌê, 
Nehemia,7,18,386593,אֲדֹ֣נִיקָ֔ם ,,ʔᵃḏˈōnîqˈām, 
Nehemia,7,18,386594,שֵׁ֥שׁ ,,šˌēš, 
Nehemia,7,18,386595,מֵאֹ֖ות ,,mēʔˌôṯ, 
Nehemia,7,18,386596,שִׁשִּׁ֥ים ,,šiššˌîm, 
Nehemia,7,18,386598,שִׁבְעָֽה׃ ס ,,šivʕˈā . s, 
Nehemia,7,19,386599,בְּנֵ֣י ,,bᵊnˈê, 
Nehemia,7,19,386600,בִגְוָ֔י ,,viḡwˈāy, 
Nehemia,7,19,386601,אַלְפַּ֖יִם ,,ʔalpˌayim, 
Nehemia,7,19,386602,שִׁשִּׁ֥ים ,,šiššˌîm, 
Nehemia,7,19,386604,שִׁבְעָֽה׃ ס ,,šivʕˈā . s, 
Nehemia,7,20,386605,בְּנֵ֣י ,,bᵊnˈê, 
Nehemia,7,20,386606,עָדִ֔ין ,,ʕāḏˈîn, 
Nehemia,7,20,386607,שֵׁ֥שׁ ,,šˌēš, 
Nehemia,7,20,386608,מֵאֹ֖ות ,,mēʔˌôṯ, 
Nehemia,7,20,386609,חֲמִשִּׁ֥ים ,,ḥᵃmiššˌîm, 
Nehemia,7,20,386611,חֲמִשָּֽׁה׃ ס ,,ḥᵃmiššˈā . s, 
Nehemia,7,21,386612,בְּנֵֽי־,,bᵊnˈê-,
Nehemia,7,21,386613,אָטֵ֥ר ,,ʔāṭˌēr, 
Nehemia,7,21,386616,תִּשְׁעִ֥ים ,,tišʕˌîm, 
Nehemia,7,21,386618,שְׁמֹנָֽה׃ ס ,,šᵊmōnˈā . s, 
Nehemia,7,22,386619,בְּנֵ֣י ,,bᵊnˈê, 
Nehemia,7,22,386620,חָשֻׁ֔ם ,,ḥāšˈum, 
Nehemia,7,22,386621,שְׁלֹ֥שׁ ,,šᵊlˌōš, 
Nehemia,7,22,386622,מֵאֹ֖ות ,,mēʔˌôṯ, 
Nehemia,7,22,386623,עֶשְׂרִ֥ים ,,ʕeśrˌîm, 
Nehemia,7,22,386625,שְׁמֹנָֽה׃ ס ,,šᵊmōnˈā . s, 
Nehemia,7,23,386626,בְּנֵ֣י ,,bᵊnˈê, 
Nehemia,7,23,386627,בֵצָ֔י ,,vēṣˈāy, 
Nehemia,7,23,386628,שְׁלֹ֥שׁ ,,šᵊlˌōš, 
Nehemia,7,23,386629,מֵאֹ֖ות ,,mēʔˌôṯ, 
Nehemia,7,23,386630,עֶשְׂרִ֥ים ,,ʕeśrˌîm, 
Nehemia,7,23,386632,אַרְבָּעָֽה׃ ס ,,ʔarbāʕˈā . s, 
Nehemia,7,24,386633,בְּנֵ֣י ,,bᵊnˈê, 
Nehemia,7,24,386634,חָרִ֔יף ,,ḥārˈîf, 
Nehemia,7,24,386635,מֵאָ֖ה ,,mēʔˌā, 
Nehemia,7,24,386636,שְׁנֵ֥ים ,,šᵊnˌêm, 
Nehemia,7,24,386637,עָשָֽׂר׃ ס ,,ʕāśˈār . s, 
Nehemia,7,25,386638,בְּנֵ֥י ,,bᵊnˌê, 
Nehemia,7,25,386639,גִבְעֹ֖ון ,,ḡivʕˌôn, 
Nehemia,7,25,386640,תִּשְׁעִ֥ים ,,tišʕˌîm, 
Nehemia,7,25,386642,חֲמִשָּֽׁה׃ ס ,,ḥᵃmiššˈā . s, 
Nehemia,7,26,386643,אַנְשֵׁ֤י ,,ʔanšˈê, 
Nehemia,7,26,386644,בֵֽית־לֶ֨חֶם֙ ,,vˈêṯ-lˈeḥem, 
Nehemia,7,26,386646,נְטֹפָ֔ה ,,nᵊṭōfˈā, 
Nehemia,7,26,386647,מֵאָ֖ה ,,mēʔˌā, 
Nehemia,7,26,386648,שְׁמֹנִ֥ים ,,šᵊmōnˌîm, 
Nehemia,7,26,386650,שְׁמֹנָֽה׃ ס ,,šᵊmōnˈā . s, 
Nehemia,7,27,386651,אַנְשֵׁ֣י ,,ʔanšˈê, 
Nehemia,7,27,386652,עֲנָתֹ֔ות ,,ʕᵃnāṯˈôṯ, 
Nehemia,7,27,386653,מֵאָ֖ה ,,mēʔˌā, 
Nehemia,7,27,386654,עֶשְׂרִ֥ים ,,ʕeśrˌîm, 
Nehemia,7,27,386656,שְׁמֹנָֽה׃ ס ,,šᵊmōnˈā . s, 
Nehemia,7,28,386657,אַנְשֵׁ֥י ,,ʔanšˌê, 
Nehemia,7,28,386658,בֵית־עַזְמָ֖וֶת ,,vêṯ-ʕazmˌāweṯ, 
Nehemia,7,28,386659,אַרְבָּעִ֥ים ,,ʔarbāʕˌîm, 
Nehemia,7,28,386661,שְׁנָֽיִם׃ ס ,,šᵊnˈāyim . s, 
Nehemia,7,29,386662,אַנְשֵׁ֨י ,,ʔanšˌê, 
Nehemia,7,29,386663,קִרְיַ֤ת יְעָרִים֙ ,,qiryˈaṯ yᵊʕārîm, 
Nehemia,7,29,386664,כְּפִירָ֣ה ,,kᵊfîrˈā, 
Nehemia,7,29,386666,בְאֵרֹ֔ות ,,vᵊʔērˈôṯ, 
Nehemia,7,29,386667,שְׁבַ֥ע ,,šᵊvˌaʕ, 
Nehemia,7,29,386668,מֵאֹ֖ות ,,mēʔˌôṯ, 
Nehemia,7,29,386669,אַרְבָּעִ֥ים ,,ʔarbāʕˌîm, 
Nehemia,7,29,386671,שְׁלֹשָֽׁה׃ ס ,,šᵊlōšˈā . s, 
Nehemia,7,30,386672,אַנְשֵׁ֤י ,,ʔanšˈê, 
Nehemia,7,30,386674,רָמָה֙ ,,rāmˌā, 
Nehemia,7,30,386676,גָ֔בַע ,,ḡˈāvaʕ, 
Nehemia,7,30,386677,שֵׁ֥שׁ ,,šˌēš, 
Nehemia,7,30,386678,מֵאֹ֖ות ,,mēʔˌôṯ, 
Nehemia,7,30,386679,עֶשְׂרִ֥ים ,,ʕeśrˌîm, 
Nehemia,7,30,386681,אֶחָֽד׃ ס ,,ʔeḥˈāḏ . s, 
Nehemia,7,31,386682,אַנְשֵׁ֣י ,,ʔanšˈê, 
Nehemia,7,31,386683,מִכְמָ֔ס ,,miḵmˈās, 
Nehemia,7,31,386684,מֵאָ֖ה ,,mēʔˌā, 
Nehemia,7,31,386686,עֶשְׂרִ֥ים ,,ʕeśrˌîm, 
Nehemia,7,31,386688,שְׁנָֽיִם׃ ס ,,šᵊnˈāyim . s, 
Nehemia,7,32,386689,אַנְשֵׁ֤י ,,ʔanšˈê, 
Nehemia,7,32,386690,בֵֽית־אֵל֙ ,,vˈêṯ-ʔˌēl, 
Nehemia,7,32,386693,עָ֔י ,,ʕˈāy, 
Nehemia,7,32,386694,מֵאָ֖ה ,,mēʔˌā, 
Nehemia,7,32,386695,עֶשְׂרִ֥ים ,,ʕeśrˌîm, 
Nehemia,7,32,386697,שְׁלֹשָֽׁה׃ ס ,,šᵊlōšˈā . s, 
Nehemia,7,33,386698,אַנְשֵׁ֥י ,,ʔanšˌê, 
Nehemia,7,33,386699,נְבֹ֛ו ,,nᵊvˈô, 
Nehemia,7,33,386700,אַחֵ֖ר ,,ʔaḥˌēr, 
Nehemia,7,33,386701,חֲמִשִּׁ֥ים ,,ḥᵃmiššˌîm, 
Nehemia,7,33,386703,שְׁנָֽיִם׃ ס ,,šᵊnˈāyim . s, 
Nehemia,7,34,386704,בְּנֵי֙ ,,bᵊnˌê, 
Nehemia,7,34,386705,עֵילָ֣ם ,,ʕêlˈām, 
Nehemia,7,34,386706,אַחֵ֔ר ,,ʔaḥˈēr, 
Nehemia,7,34,386707,אֶ֕לֶף ,,ʔˈelef, 
Nehemia,7,34,386708,מָאתַ֖יִם ,,māṯˌayim, 
Nehemia,7,34,386709,חֲמִשִּׁ֥ים ,,ḥᵃmiššˌîm, 
Nehemia,7,34,386711,אַרְבָּעָֽה׃ ס ,,ʔarbāʕˈā . s, 
Nehemia,7,35,386712,בְּנֵ֣י ,,bᵊnˈê, 
Nehemia,7,35,386713,חָרִ֔ם ,,ḥārˈim, 
Nehemia,7,35,386714,שְׁלֹ֥שׁ ,,šᵊlˌōš, 
Nehemia,7,35,386715,מֵאֹ֖ות ,,mēʔˌôṯ, 
Nehemia,7,35,386717,עֶשְׂרִֽים׃ ס ,,ʕeśrˈîm . s, 
Nehemia,7,36,386718,בְּנֵ֣י ,,bᵊnˈê, 
Nehemia,7,36,386719,יְרֵחֹ֔ו ,,yᵊrēḥˈô, 
Nehemia,7,36,386720,שְׁלֹ֥שׁ ,,šᵊlˌōš, 
Nehemia,7,36,386721,מֵאֹ֖ות ,,mēʔˌôṯ, 
Nehemia,7,36,386722,אַרְבָּעִ֥ים ,,ʔarbāʕˌîm, 
Nehemia,7,36,386724,חֲמִשָּֽׁה׃ ס ,,ḥᵃmiššˈā . s, 
Nehemia,7,37,386725,בְּנֵי־,,bᵊnê-,
Nehemia,7,37,386726,לֹד֙ ,,lˌōḏ, 
Nehemia,7,37,386727,חָדִ֣יד ,,ḥāḏˈîḏ, 
Nehemia,7,37,386729,אֹונֹ֔ו ,,ʔônˈô, 
Nehemia,7,37,386730,שְׁבַ֥ע ,,šᵊvˌaʕ, 
Nehemia,7,37,386731,מֵאֹ֖ות ,,mēʔˌôṯ, 
Nehemia,7,37,386733,עֶשְׂרִ֥ים ,,ʕeśrˌîm, 
Nehemia,7,37,386735,אֶחָֽד׃ ס ,,ʔeḥˈāḏ . s, 
Nehemia,7,38,386736,בְּנֵ֣י ,,bᵊnˈê, 
Nehemia,7,38,386737,סְנָאָ֔ה ,,sᵊnāʔˈā, 
Nehemia,7,38,386738,שְׁלֹ֣שֶׁת ,,šᵊlˈōšeṯ, 
Nehemia,7,38,386739,אֲלָפִ֔ים ,,ʔᵃlāfˈîm, 
Nehemia,7,38,386740,תְּשַׁ֥ע ,,tᵊšˌaʕ, 
Nehemia,7,38,386741,מֵאֹ֖ות ,,mēʔˌôṯ, 
Nehemia,7,38,386743,שְׁלֹשִֽׁים׃ פ ,,šᵊlōšˈîm . f, 
Nehemia,7,39,386746,בְּנֵ֤י ,,bᵊnˈê, 
Nehemia,7,39,386747,יְדַֽעְיָה֙ ,,yᵊḏˈaʕyā, 
Nehemia,7,39,386751,תְּשַׁ֥ע ,,tᵊšˌaʕ, 
Nehemia,7,39,386752,מֵאֹ֖ות ,,mēʔˌôṯ, 
Nehemia,7,39,386753,שִׁבְעִ֥ים ,,šivʕˌîm, 
Nehemia,7,39,386755,שְׁלֹשָֽׁה׃ ס ,,šᵊlōšˈā . s, 
Nehemia,7,40,386756,בְּנֵ֣י ,,bᵊnˈê, 
Nehemia,7,40,386757,אִמֵּ֔ר ,,ʔimmˈēr, 
Nehemia,7,40,386758,אֶ֖לֶף ,,ʔˌelef, 
Nehemia,7,40,386759,חֲמִשִּׁ֥ים ,,ḥᵃmiššˌîm, 
Nehemia,7,40,386761,שְׁנָֽיִם׃ ס ,,šᵊnˈāyim . s, 
Nehemia,7,41,386762,בְּנֵ֣י ,,bᵊnˈê, 
Nehemia,7,41,386763,פַשְׁח֔וּר ,,fašḥˈûr, 
Nehemia,7,41,386764,אֶ֕לֶף ,,ʔˈelef, 
Nehemia,7,41,386765,מָאתַ֖יִם ,,māṯˌayim, 
Nehemia,7,41,386766,אַרְבָּעִ֥ים ,,ʔarbāʕˌîm, 
Nehemia,7,41,386768,שִׁבְעָֽה׃ ס ,,šivʕˈā . s, 
Nehemia,7,42,386769,בְּנֵ֣י ,,bᵊnˈê, 
Nehemia,7,42,386770,חָרִ֔ם ,,ḥārˈim, 
Nehemia,7,42,386771,אֶ֖לֶף ,,ʔˌelef, 
Nehemia,7,42,386772,שִׁבְעָ֥ה ,,šivʕˌā, 
Nehemia,7,42,386773,עָשָֽׂר׃ פ ,,ʕāśˈār . f, 
Nehemia,7,43,386776,בְּנֵֽי־,,bᵊnˈê-,
Nehemia,7,43,386777,יֵשׁ֧וּעַ ,,yēšˈûₐʕ, 
Nehemia,7,43,386784,שִׁבְעִ֥ים ,,šivʕˌîm, 
Nehemia,7,43,386786,אַרְבָּעָֽה׃ ס ,,ʔarbāʕˈā . s, 
Nehemia,7,44,386789,בְּנֵ֣י ,,bᵊnˈê, 
Nehemia,7,44,386790,אָסָ֔ף ,,ʔāsˈāf, 
Nehemia,7,44,386791,מֵאָ֖ה ,,mēʔˌā, 
Nehemia,7,44,386792,אַרְבָּעִ֥ים ,,ʔarbāʕˌîm, 
Nehemia,7,44,386794,שְׁמֹנָֽה׃ ס ,,šᵊmōnˈā . s, 
Nehemia,7,45,386797,בְּנֵֽי־,,bᵊnˈê-,
Nehemia,7,45,386798,שַׁלּ֤וּם ,,šallˈûm, 
Nehemia,7,45,386799,בְּנֵֽי־,,bᵊnˈê-,
Nehemia,7,45,386800,אָטֵר֙ ,,ʔāṭˌēr, 
Nehemia,7,45,386801,בְּנֵֽי־,,bᵊnˈê-,
Nehemia,7,45,386802,טַלְמֹ֣ן ,,ṭalmˈōn, 
Nehemia,7,45,386803,בְּנֵֽי־,,bᵊnˈê-,
Nehemia,7,45,386804,עַקּ֔וּב ,,ʕaqqˈûv, 
Nehemia,7,45,386805,בְּנֵ֥י ,,bᵊnˌê, 
Nehemia,7,45,386806,חֲטִיטָ֖א ,,ḥᵃṭîṭˌā, 
Nehemia,7,45,386807,בְּנֵ֣י ,,bᵊnˈê, 
Nehemia,7,45,386808,שֹׁבָ֑י ,,šōvˈāy, 
Nehemia,7,45,386809,מֵאָ֖ה ,,mēʔˌā, 
Nehemia,7,45,386810,שְׁלֹשִׁ֥ים ,,šᵊlōšˌîm, 
Nehemia,7,45,386812,שְׁמֹנָֽה׃ ס ,,šᵊmōnˈā . s, 
Nehemia,7,60,386902,כָּל־,,kol-,
Nehemia,7,60,386904,נְּתִינִ֔ים ,,nnᵊṯînˈîm, 
Nehemia,7,60,386906,בְנֵ֖י ,,vᵊnˌê, 
Nehemia,7,60,386907,עַבְדֵ֣י ,,ʕavᵊḏˈê, 
Nehemia,7,60,386908,שְׁלֹמֹ֑ה ,,šᵊlōmˈō, 
Nehemia,7,60,386909,שְׁלֹ֥שׁ ,,šᵊlˌōš, 
Nehemia,7,60,386910,מֵאֹ֖ות ,,mēʔˌôṯ, 
Nehemia,7,60,386911,תִּשְׁעִ֥ים ,,tišʕˌîm, 
Nehemia,7,60,386913,שְׁנָֽיִם׃ פ ,,šᵊnˈāyim . f, 
Nehemia,7,62,386938,בְּנֵי־,,bᵊnê-,
Nehemia,7,62,386939,דְלָיָ֥ה ,,ḏᵊlāyˌā, 
Nehemia,7,62,386940,בְנֵֽי־,,vᵊnˈê-,
Nehemia,7,62,386941,טֹובִיָּ֖ה ,,ṭôviyyˌā, 
Nehemia,7,62,386942,בְּנֵ֣י ,,bᵊnˈê, 
Nehemia,7,62,386943,נְקֹודָ֑א ,,nᵊqôḏˈā, 
Nehemia,7,62,386944,שֵׁ֥שׁ ,,šˌēš, 
Nehemia,7,62,386945,מֵאֹ֖ות ,,mēʔˌôṯ, 
Nehemia,7,62,386947,אַרְבָּעִ֥ים ,,ʔarbāʕˌîm, 
Nehemia,7,62,386949,שְׁנָֽיִם׃ ס ,,šᵊnˈāyim . s, 
Nehemia,7,66,387006,כָּל־,,kol-,
Nehemia,7,66,387008,קָּהָ֖ל ,,qqāhˌāl, 
Nehemia,7,66,387011,אַרְבַּ֣ע ,,ʔarbˈaʕ, 
Nehemia,7,66,387012,רִבֹּ֔וא ,,ribbˈô, 
Nehemia,7,66,387013,אַלְפַּ֖יִם ,,ʔalpˌayim, 
Nehemia,7,66,387014,שְׁלֹשׁ־,,šᵊlōš-,
Nehemia,7,66,387015,מֵאֹ֥ות ,,mēʔˌôṯ, 
Nehemia,7,66,387017,שִׁשִּֽׁים׃ ,,šiššˈîm, . 
Nehemia,7,67,387024,אֵ֔לֶּה ,,ʔˈēlleh, 
Nehemia,7,67,387025,שִׁבְעַ֣ת ,,šivʕˈaṯ, 
Nehemia,7,67,387026,אֲלָפִ֔ים ,,ʔᵃlāfˈîm, 
Nehemia,7,67,387027,שְׁלֹ֥שׁ ,,šᵊlˌōš, 
Nehemia,7,67,387028,מֵאֹ֖ות ,,mēʔˌôṯ, 
Nehemia,7,67,387029,שְׁלֹשִׁ֣ים ,,šᵊlōšˈîm, 
Nehemia,7,67,387031,שִׁבְעָ֑ה ,,šivʕˈā, 
Nehemia,11,6,389346,כָּל־,,kol-,
Nehemia,11,6,389347,בְּנֵי־,,bᵊnê-,
Nehemia,11,6,389348,פֶ֕רֶץ ,,fˈereṣ, 
Nehemia,11,6,389353,אַרְבַּ֥ע ,,ʔarbˌaʕ, 
Nehemia,11,6,389354,מֵאֹ֛ות ,,mēʔˈôṯ, 
Nehemia,11,6,389355,שִׁשִּׁ֥ים ,,šiššˌîm, 
Nehemia,11,6,389357,שְׁמֹנָ֖ה ,,šᵊmōnˌā, 
Nehemia,11,12,389426,אֲחֵיהֶ֗ם ,,ʔᵃḥêhˈem, 
Nehemia,11,12,389433,שְׁמֹנֶ֥ה ,,šᵊmōnˌeh, 
Nehemia,11,12,389434,מֵאֹ֖ות ,,mēʔˌôṯ, 
Nehemia,11,12,389435,עֶשְׂרִ֣ים ,,ʕeśrˈîm, 
Nehemia,11,12,389437,שְׁנָ֑יִם ,,šᵊnˈāyim, 
Nehemia,11,18,389544,כָּל־,,kol-,
Nehemia,11,18,389546,לְוִיִּם֙ ,,lᵊwiyyˌim, 
Nehemia,11,18,389551,מָאתַ֖יִם ,,māṯˌayim, 
Nehemia,11,18,389552,שְׁמֹנִ֥ים ,,šᵊmōnˌîm, 
Nehemia,11,18,389554,אַרְבָּעָֽה׃ פ ,,ʔarbāʕˈā . f, 
Nehemia,11,19,389557,שֹּֽׁועֲרִים֙ ,,ššˈôʕᵃrîm, 
Nehemia,11,19,389567,מֵאָ֖ה ,,mēʔˌā, 
Nehemia,11,19,389568,שִׁבְעִ֥ים ,,šivʕˌîm, 
Nehemia,11,19,389570,שְׁנָֽיִם׃ ,,šᵊnˈāyim, . 
Chronica_I,2,4,391898,כָּל־,,kol-,
Chronica_I,2,4,391899,בְּנֵ֥י ,,bᵊnˌê, 
Chronica_I,2,4,391900,יְהוּדָ֖ה ,,yᵊhûḏˌā, 
Chronica_I,2,4,391901,חֲמִשָּֽׁה׃ ס ,,ḥᵃmiššˈā . s, 
Chronica_I,2,6,391919,כֻּלָּ֥ם ,,kullˌām, 
Chronica_I,2,6,391920,חֲמִשָּֽׁה׃ ס ,,ḥᵃmiššˈā . s, 
Chronica_I,2,21,392091,ה֖וּא ,,hˌû, 
Chronica_I,2,21,392093,שִׁשִּׁ֣ים ,,šiššˈîm, 
Chronica_I,6,45,394568,כָּל־,,kol-,
Chronica_I,6,45,394569,עָרֵיהֶ֛ם ,,ʕārêhˈem, 
Chronica_I,6,45,394570,שְׁלֹשׁ־,,šᵊlōš-,
Chronica_I,6,45,394571,עֶשְׂרֵ֥ה ,,ʕeśrˌē, 
Chronica_I,7,2,394987,מִסְפָּרָם֙ ,,mispārˌām, 
Chronica_I,7,2,394991,עֶשְׂרִֽים־,,ʕeśrˈîm-,
Chronica_I,7,2,394993,שְׁנַ֥יִם ,,šᵊnˌayim, 
Chronica_I,7,2,394994,אֶ֖לֶף ,,ʔˌelef, 
Chronica_I,7,2,394996,שֵׁ֥שׁ ,,šˌēš, 
Chronica_I,7,2,394997,מֵאֹֽות׃ ס ,,mēʔˈôṯ . s, 
Chronica_I,7,7,395057,בְנֵ֣י ,,vᵊnˈê, 
Chronica_I,7,7,395058,בֶ֗לַע ,,vˈelaʕ, 
Chronica_I,7,7,395068,חֲמִשָּׁ֗ה ,,ḥᵃmiššˈā, 
Chronica_I,7,40,395559,מִסְפָּרָ֣ם ,,mispārˈām, 
Chronica_I,7,40,395561,עֶשְׂרִ֥ים ,,ʕeśrˌîm, 
Chronica_I,7,40,395563,שִׁשָּׁ֖ה ,,šiššˌā, 
Chronica_I,7,40,395564,אָֽלֶף׃ ס ,,ʔˈālef . s, 
Chronica_I,8,39,395967,בְנֵ֖י ,,vᵊnˌê, 
Chronica_I,8,39,395968,עֵ֣שֶׁק ,,ʕˈēšeq, 
Chronica_I,8,39,395974,שֵּׁנִ֔י ,,ššēnˈî, 
Chronica_I,8,39,395978,שְּׁלִשִֽׁי׃ ,,ššᵊlišˈî, . 
Chronica_I,9,9,396120,אֲחֵיהֶם֙ ,,ʔᵃḥêhˌem, 
Chronica_I,9,9,396123,תְּשַׁ֥ע ,,tᵊšˌaʕ, 
Chronica_I,9,9,396124,מֵאֹ֖ות ,,mēʔˌôṯ, 
Chronica_I,9,9,396126,חֲמִשִּׁ֣ים ,,ḥᵃmiššˈîm, 
Chronica_I,9,9,396128,שִׁשָּׁ֑ה ,,šiššˈā, 
Chronica_I,9,22,396329,כֻּלָּ֤ם ,,kullˈām, 
Chronica_I,9,22,396337,מָאתַ֖יִם ,,māṯˌayim, 
Chronica_I,9,22,396339,שְׁנֵ֣ים ,,šᵊnˈêm, 
Chronica_I,9,22,396340,עָשָׂ֑ר ,,ʕāśˈār, 
Chronica_I,12,10,397880,עֹבַדְיָה֙ ,,ʕōvaḏyˌā, 
Chronica_I,12,10,397882,שֵּׁנִ֔י ,,ššēnˈî, 
Chronica_I,12,10,397883,אֱלִיאָ֖ב ,,ʔᵉlîʔˌāv, 
Chronica_I,12,10,397885,שְּׁלִשִֽׁי׃ ,,ššᵊlišˈî, . 
Chronica_I,12,11,397886,מִשְׁמַנָּה֙ ,,mišmannˌā, 
Chronica_I,12,11,397888,רְבִיעִ֔י ,,rᵊvîʕˈî, 
Chronica_I,12,11,397889,יִרְמְיָ֖ה ,,yirmᵊyˌā, 
Chronica_I,12,11,397891,חֲמִשִֽׁי׃ ,,ḥᵃmišˈî, . 
Chronica_I,12,12,397892,עַתַּי֙ ,,ʕattˌay, 
Chronica_I,12,12,397894,שִּׁשִּׁ֔י ,,ššiššˈî, 
Chronica_I,12,12,397895,אֱלִיאֵ֖ל ,,ʔᵉlîʔˌēl, 
Chronica_I,12,12,397897,שְּׁבִעִֽי׃ ,,ššᵊviʕˈî, . 
Chronica_I,12,13,397898,יֹֽוחָנָן֙ ,,yˈôḥānān, 
Chronica_I,12,13,397900,שְּׁמִינִ֔י ,,ššᵊmînˈî, 
Chronica_I,12,13,397901,אֶלְזָבָ֖ד ,,ʔelzāvˌāḏ, 
Chronica_I,12,13,397903,תְּשִׁיעִֽי׃ ,,ttᵊšîʕˈî, . 
Chronica_I,12,14,397904,יִרְמְיָ֨הוּ֙ ,,yirmᵊyˈāhû, 
Chronica_I,12,14,397906,עֲשִׂירִ֔י ס ,,ʕᵃśîrˈî s, 
Chronica_I,12,14,397907,מַכְבַּנַּ֖י ,,maḵbannˌay, 
Chronica_I,12,14,397908,עַשְׁתֵּ֥י ,,ʕaštˌê, 
Chronica_I,12,14,397909,עָשָֽׂר׃ ,,ʕāśˈār, . 
Chronica_I,12,25,398159,בְּנֵ֣י ,,bᵊnˈê, 
Chronica_I,12,25,398160,יְהוּדָ֔ה ,,yᵊhûḏˈā, 
Chronica_I,12,25,398165,שֵׁ֧שֶׁת ,,šˈēšeṯ, 
Chronica_I,12,25,398166,אֲלָפִ֛ים ,,ʔᵃlāfˈîm, 
Chronica_I,12,25,398168,שְׁמֹונֶ֥ה ,,šᵊmônˌeh, 
Chronica_I,12,25,398169,מֵאֹ֖ות ,,mēʔˌôṯ, 
Chronica_I,12,26,398175,גִּבֹּ֤ורֵי ,,gibbˈôrê, 
Chronica_I,12,26,398176,חַ֨יִל֙ ,,ḥˈayil, 
Chronica_I,12,26,398180,שִׁבְעַ֥ת ,,šivʕˌaṯ, 
Chronica_I,12,26,398181,אֲלָפִ֖ים ,,ʔᵃlāfˌîm, 
Chronica_I,12,26,398183,מֵאָֽה׃ ס ,,mēʔˈā . s, 
Chronica_I,12,27,398185,בְּנֵי֙ ,,bᵊnˌê, 
Chronica_I,12,27,398187,לֵּוִ֔י ,,llēwˈî, 
Chronica_I,12,27,398188,אַרְבַּ֥עַת ,,ʔarbˌaʕaṯ, 
Chronica_I,12,27,398189,אֲלָפִ֖ים ,,ʔᵃlāfˌîm, 
Chronica_I,12,27,398191,שֵׁ֥שׁ ,,šˌēš, 
Chronica_I,12,27,398192,מֵאֹֽות׃ ס ,,mēʔˈôṯ . s, 
Chronica_I,12,29,398212,בֵית־,,vêṯ-,
Chronica_I,12,29,398213,אָבִ֥יו ,,ʔāvˌiʸw, 
Chronica_I,12,29,398215,עֶשְׂרִ֥ים ,,ʕeśrˌîm, 
Chronica_I,12,29,398217,שְׁנָֽיִם׃ ס ,,šᵊnˈāyim . s, 
Chronica_I,12,30,398220,בְּנֵ֧י ,,bᵊnˈê, 
Chronica_I,12,30,398221,בִנְיָמִ֛ן ,,vinyāmˈin, 
Chronica_I,12,30,398224,שְׁלֹ֣שֶׁת ,,šᵊlˈōšeṯ, 
Chronica_I,12,30,398225,אֲלָפִ֑ים ,,ʔᵃlāfˈîm, 
Chronica_I,12,32,398252,חֲצִי֙ ,,ḥᵃṣˌî, 
Chronica_I,12,32,398253,מַטֵּ֣ה ,,maṭṭˈē, 
Chronica_I,12,32,398254,מְנַשֶּׁ֔ה ,,mᵊnaššˈeh, 
Chronica_I,12,32,398255,שְׁמֹונָ֥ה ,,šᵊmônˌā, 
Chronica_I,12,32,398256,עָשָׂ֖ר ,,ʕāśˌār, 
Chronica_I,12,32,398257,אָ֑לֶף ,,ʔˈālef, 
Chronica_I,12,33,398282,רָאשֵׁיהֶ֣ם ,,rāšêhˈem, 
Chronica_I,12,33,398283,מָאתַ֔יִם ,,māṯˈayim, 
Chronica_I,12,34,398290,זְּבֻל֞וּן ,,zzᵊvulˈûn, 
Chronica_I,12,34,398299,חֲמִשִּׁ֣ים ,,ḥᵃmiššˈîm, 
Chronica_I,12,34,398300,אָ֑לֶף ,,ʔˈālef, 
Chronica_I,12,35,398311,נַּפְתָּלִ֖י ,,nnaftālˌî, 
Chronica_I,12,35,398313,אָ֑לֶף ,,ʔˈālef, 
Chronica_I,12,36,398327,דָּנִי֙ ,,ddānˌî, 
Chronica_I,12,36,398330,עֶשְׂרִֽים־,,ʕeśrˈîm-,
Chronica_I,12,36,398332,שְׁמֹונָ֥ה ,,šᵊmônˌā, 
Chronica_I,12,36,398333,אֶ֖לֶף ,,ʔˌelef, 
Chronica_I,12,36,398335,שֵׁ֥שׁ ,,šˌēš, 
Chronica_I,12,36,398336,מֵאֹֽות׃ ס ,,mēʔˈôṯ . s, 
Chronica_I,12,37,398339,אָשֵׁ֗ר ,,ʔāšˈēr, 
Chronica_I,12,37,398345,אַרְבָּעִ֥ים ,,ʔarbāʕˌîm, 
Chronica_I,12,37,398346,אָֽלֶף׃ ס ,,ʔˈālef . s, 
Chronica_I,12,38,398355,ראוּבֵנִ֨י ,,rʔûvēnˌî, 
Chronica_I,12,38,398358,גָּדִ֜י ,,ggāḏˈî, 
Chronica_I,12,38,398360,חֲצִ֣י׀ ,,ḥᵃṣˈî, 
Chronica_I,12,38,398361,שֵׁ֣בֶט ,,šˈēveṭ, 
Chronica_I,12,38,398362,מְנַשֶּׁ֗ה ,,mᵊnaššˈeh, 
Chronica_I,12,38,398368,מֵאָ֥ה ,,mēʔˌā, 
Chronica_I,12,38,398370,עֶשְׂרִ֖ים ,,ʕeśrˌîm, 
Chronica_I,12,38,398371,אָֽלֶף׃ ,,ʔˈālef, . 
Chronica_I,12,39,398392,כָּל־,,kol-,
Chronica_I,12,39,398393,שֵׁרִ֧ית ,,šērˈîṯ, 
Chronica_I,12,39,398394,יִשְׂרָאֵ֛ל ,,yiśrāʔˈēl, 
Chronica_I,12,39,398396,אֶחָ֖ד ,,ʔeḥˌāḏ, 
Chronica_I,15,5,399131,אֶחָ֖יו ,,ʔeḥˌāʸw, 
Chronica_I,15,5,399132,מֵאָ֥ה ,,mēʔˌā, 
Chronica_I,15,5,399134,עֶשְׂרִֽים׃ ס ,,ʕeśrˈîm . s, 
Chronica_I,15,6,399142,אֶחָ֖יו ,,ʔeḥˌāʸw, 
Chronica_I,15,6,399143,מָאתַ֥יִם ,,māṯˌayim, 
Chronica_I,15,6,399145,עֶשְׂרִֽים׃ ס ,,ʕeśrˈîm . s, 
Chronica_I,15,7,399153,אֶחָ֖יו ,,ʔeḥˌāʸw, 
Chronica_I,15,7,399154,מֵאָ֥ה ,,mēʔˌā, 
Chronica_I,15,7,399156,שְׁלֹשִֽׁים׃ ס ,,šᵊlōšˈîm . s, 
Chronica_I,15,8,399164,אֶחָ֥יו ,,ʔeḥˌāʸw, 
Chronica_I,15,8,399165,מָאתָֽיִם׃ ס ,,māṯˈāyim . s, 
Chronica_I,15,9,399173,אֶחָ֥יו ,,ʔeḥˌāʸw, 
Chronica_I,15,9,399174,שְׁמֹונִֽים׃ ס ,,šᵊmônˈîm . s, 
Chronica_I,15,10,399182,אֶחָ֕יו ,,ʔeḥˈāʸw, 
Chronica_I,15,10,399183,מֵאָ֖ה ,,mēʔˌā, 
Chronica_I,15,10,399185,שְׁנֵ֥ים ,,šᵊnˌêm, 
Chronica_I,15,10,399186,עָשָֽׂר׃ ס ,,ʕāśˈār . s, 
Chronica_I,20,6,401758,אֶצְבְּעֹתָ֤יו ,,ʔeṣbᵊʕōṯˈāʸw, 
Chronica_I,20,6,401759,שֵׁשׁ־,,šēš-,
Chronica_I,20,6,401761,שֵׁשׁ֙ ,,šˌēš, 
Chronica_I,21,5,401899,כָֽל־,,ḵˈol-,
Chronica_I,21,5,401900,יִשְׂרָאֵ֡ל ,,yiśrāʔˈēl, 
Chronica_I,21,5,401901,אֶ֣לֶף ,,ʔˈelef, 
Chronica_I,21,5,401902,אֲלָפִים֩ ,,ʔᵃlāfîm, 
Chronica_I,21,5,401904,מֵאָ֨ה ,,mēʔˌā, 
Chronica_I,21,5,401905,אֶ֤לֶף ,,ʔˈelef, 
Chronica_I,21,5,401910,יהוּדָ֕ה ,,yhûḏˈā, 
Chronica_I,21,5,401911,אַרְבַּע֩ ,,ʔarbˌaʕ, 
Chronica_I,21,5,401912,מֵאֹ֨ות ,,mēʔˌôṯ, 
Chronica_I,21,5,401914,שִׁבְעִ֥ים ,,šivʕˌîm, 
Chronica_I,21,5,401915,אֶ֛לֶף ,,ʔˈelef, 
Chronica_I,23,3,402988,מִסְפָּרָ֤ם ,,mispārˈām, 
Chronica_I,23,3,402993,שְׁלֹשִׁ֥ים ,,šᵊlōšˌîm, 
Chronica_I,23,3,402995,שְׁמֹונָ֖ה ,,šᵊmônˌā, 
Chronica_I,23,3,402996,אָֽלֶף׃ ,,ʔˈālef, . 
Chronica_I,23,4,402998,אֵ֗לֶּה ,,ʔˈēlleh, 
Chronica_I,23,4,403005,עֶשְׂרִ֥ים ,,ʕeśrˌîm, 
Chronica_I,23,4,403007,אַרְבָּעָ֖ה ,,ʔarbāʕˌā, 
Chronica_I,23,4,403008,אָ֑לֶף ,,ʔˈālef, 
Chronica_I,23,4,403010,שֹׁטְרִ֥ים ,,šōṭᵊrˌîm, 
Chronica_I,23,4,403012,שֹׁפְטִ֖ים ,,šōfᵊṭˌîm, 
Chronica_I,23,4,403013,שֵׁ֥שֶׁת ,,šˌēšeṯ, 
Chronica_I,23,4,403014,אֲלָפִֽים׃ ,,ʔᵃlāfˈîm, . 
Chronica_I,23,8,403050,בְּנֵ֣י ,,bᵊnˈê, 
Chronica_I,23,8,403051,לַעְדָּ֗ן ,,laʕdˈān, 
Chronica_I,23,8,403059,שְׁלֹשָֽׁה׃ ס ,,šᵊlōšˈā . s, 
Chronica_I,23,11,403093,זִיזָ֖ה ,,zîzˌā, 
Chronica_I,23,11,403095,שֵּׁנִ֑י ,,ššēnˈî, 
Chronica_I,23,19,403201,אֲמַרְיָ֣ה ,,ʔᵃmaryˈā, 
Chronica_I,23,19,403203,שֵּׁנִ֔י ,,ššēnˈî, 
Chronica_I,23,19,403204,יַחֲזִיאֵל֙ ,,yaḥᵃzîʔˌēl, 
Chronica_I,23,19,403206,שְּׁלִישִׁ֔י ,,ššᵊlîšˈî, 
Chronica_I,23,19,403208,יקַמְעָ֖ם ,,yqamʕˌām, 
Chronica_I,23,19,403210,רְבִיעִֽי׃ ,,rᵊvîʕˈî, . 
Chronica_I,23,20,403217,יִשִּׁיָּ֖ה ,,yiššiyyˌā, 
Chronica_I,23,20,403219,שֵּׁנִֽי׃ ס ,,ššēnˈî . s, 
Chronica_I,24,4,403523,רָאשִׁ֤ים ,,rāšˈîm, 
Chronica_I,24,4,403527,שִׁשָּׁ֣ה ,,šiššˈā, 
Chronica_I,24,4,403528,עָשָׂ֔ר ,,ʕāśˈār, 
Chronica_I,24,23,403765,אֲמַרְיָ֨הוּ֙ ,,ʔᵃmaryˈāhû, 
Chronica_I,24,23,403767,שֵּׁנִ֔י ,,ššēnˈî, 
Chronica_I,24,23,403768,יַחֲזִיאֵל֙ ,,yaḥᵃzîʔˌēl, 
Chronica_I,24,23,403770,שְּׁלִישִׁ֔י ,,ššᵊlîšˈî, 
Chronica_I,24,23,403771,יְקַמְעָ֖ם ,,yᵊqamʕˌām, 
Chronica_I,24,23,403773,רְבִיעִֽי׃ ,,rᵊvîʕˈî, . 
Chronica_I,25,7,404039,כָּל־,,kol-,
Chronica_I,25,7,404042,מָאתַ֖יִם ,,māṯˌayim, 
Chronica_I,25,7,404043,שְׁמֹונִ֥ים ,,šᵊmônˌîm, 
Chronica_I,25,7,404045,שְׁמֹונָֽה׃ ,,šᵊmônˈā, . 
Chronica_I,25,9,404071,גְּדַלְיָ֨הוּ֙ ,,gᵊḏalyˈāhû, 
Chronica_I,25,9,404073,שֵּׁנִ֔י ,,ššēnˈî, 
Chronica_I,25,9,404074,הֽוּא־,,hˈû-,
Chronica_I,25,9,404079,שְׁנֵ֥ים ,,šᵊnˌêm, 
Chronica_I,25,9,404080,עָשָֽׂר׃ ,,ʕāśˈār, . 
Chronica_I,25,10,404084,בָּנָ֥יו ,,bānˌāʸw, 
Chronica_I,25,10,404086,אֶחָ֖יו ,,ʔeḥˌāʸw, 
Chronica_I,25,10,404087,שְׁנֵ֥ים ,,šᵊnˌêm, 
Chronica_I,25,10,404088,עָשָֽׂר׃ ,,ʕāśˈār, . 
Chronica_I,25,11,404094,בָּנָ֥יו ,,bānˌāʸw, 
Chronica_I,25,11,404096,אֶחָ֖יו ,,ʔeḥˌāʸw, 
Chronica_I,25,11,404097,שְׁנֵ֥ים ,,šᵊnˌêm, 
Chronica_I,25,11,404098,עָשָֽׂר׃ ,,ʕāśˈār, . 
Chronica_I,25,12,404102,בָּנָ֥יו ,,bānˌāʸw, 
Chronica_I,25,12,404104,אֶחָ֖יו ,,ʔeḥˌāʸw, 
Chronica_I,25,12,404105,שְׁנֵ֥ים ,,šᵊnˌêm, 
Chronica_I,25,12,404106,עָשָֽׂר׃ ,,ʕāśˈār, . 
Chronica_I,25,13,404110,בָּנָ֥יו ,,bānˌāʸw, 
Chronica_I,25,13,404112,אֶחָ֖יו ,,ʔeḥˌāʸw, 
Chronica_I,25,13,404113,שְׁנֵ֥ים ,,šᵊnˌêm, 
Chronica_I,25,13,404114,עָשָֽׂר׃ ,,ʕāśˈār, . 
Chronica_I,25,14,404118,בָּנָ֥יו ,,bānˌāʸw, 
Chronica_I,25,14,404120,אֶחָ֖יו ,,ʔeḥˌāʸw, 
Chronica_I,25,14,404121,שְׁנֵ֥ים ,,šᵊnˌêm, 
Chronica_I,25,14,404122,עָשָֽׂר׃ ,,ʕāśˈār, . 
Chronica_I,25,15,404126,בָּנָ֥יו ,,bānˌāʸw, 
Chronica_I,25,15,404128,אֶחָ֖יו ,,ʔeḥˌāʸw, 
Chronica_I,25,15,404129,שְׁנֵ֥ים ,,šᵊnˌêm, 
Chronica_I,25,15,404130,עָשָֽׂר׃ ,,ʕāśˈār, . 
Chronica_I,25,16,404134,בָּנָ֥יו ,,bānˌāʸw, 
Chronica_I,25,16,404136,אֶחָ֖יו ,,ʔeḥˌāʸw, 
Chronica_I,25,16,404137,שְׁנֵ֥ים ,,šᵊnˌêm, 
Chronica_I,25,16,404138,עָשָֽׂר׃ ,,ʕāśˈār, . 
Chronica_I,25,17,404142,בָּנָ֥יו ,,bānˌāʸw, 
Chronica_I,25,17,404144,אֶחָ֖יו ,,ʔeḥˌāʸw, 
Chronica_I,25,17,404145,שְׁנֵ֥ים ,,šᵊnˌêm, 
Chronica_I,25,17,404146,עָשָֽׂר׃ ,,ʕāśˈār, . 
Chronica_I,25,18,404150,בָּנָ֥יו ,,bānˌāʸw, 
Chronica_I,25,18,404152,אֶחָ֖יו ,,ʔeḥˌāʸw, 
Chronica_I,25,18,404153,שְׁנֵ֥ים ,,šᵊnˌêm, 
Chronica_I,25,18,404154,עָשָֽׂר׃ ,,ʕāśˈār, . 
Chronica_I,25,19,404160,בָּנָ֥יו ,,bānˌāʸw, 
Chronica_I,25,19,404162,אֶחָ֖יו ,,ʔeḥˌāʸw, 
Chronica_I,25,19,404163,שְׁנֵ֥ים ,,šᵊnˌêm, 
Chronica_I,25,19,404164,עָשָֽׂר׃ ,,ʕāśˈār, . 
Chronica_I,25,20,404169,בָּנָ֥יו ,,bānˌāʸw, 
Chronica_I,25,20,404171,אֶחָ֖יו ,,ʔeḥˌāʸw, 
Chronica_I,25,20,404172,שְׁנֵ֥ים ,,šᵊnˌêm, 
Chronica_I,25,20,404173,עָשָֽׂר׃ ,,ʕāśˈār, . 
Chronica_I,25,21,404178,בָּנָ֥יו ,,bānˌāʸw, 
Chronica_I,25,21,404180,אֶחָ֖יו ,,ʔeḥˌāʸw, 
Chronica_I,25,21,404181,שְׁנֵ֥ים ,,šᵊnˌêm, 
Chronica_I,25,21,404182,עָשָֽׂר׃ ,,ʕāśˈār, . 
Chronica_I,25,22,404188,בָּנָ֥יו ,,bānˌāʸw, 
Chronica_I,25,22,404190,אֶחָ֖יו ,,ʔeḥˌāʸw, 
Chronica_I,25,22,404191,שְׁנֵ֥ים ,,šᵊnˌêm, 
Chronica_I,25,22,404192,עָשָֽׂר׃ ,,ʕāśˈār, . 
Chronica_I,25,23,404198,בָּנָ֥יו ,,bānˌāʸw, 
Chronica_I,25,23,404200,אֶחָ֖יו ,,ʔeḥˌāʸw, 
Chronica_I,25,23,404201,שְׁנֵ֥ים ,,šᵊnˌêm, 
Chronica_I,25,23,404202,עָשָֽׂר׃ ,,ʕāśˈār, . 
Chronica_I,25,24,404208,בָּנָ֥יו ,,bānˌāʸw, 
Chronica_I,25,24,404210,אֶחָ֖יו ,,ʔeḥˌāʸw, 
Chronica_I,25,24,404211,שְׁנֵ֥ים ,,šᵊnˌêm, 
Chronica_I,25,24,404212,עָשָֽׂר׃ ,,ʕāśˈār, . 
Chronica_I,25,25,404218,בָּנָ֥יו ,,bānˌāʸw, 
Chronica_I,25,25,404220,אֶחָ֖יו ,,ʔeḥˌāʸw, 
Chronica_I,25,25,404221,שְׁנֵ֥ים ,,šᵊnˌêm, 
Chronica_I,25,25,404222,עָשָֽׂר׃ ,,ʕāśˈār, . 
Chronica_I,25,26,404228,בָּנָ֥יו ,,bānˌāʸw, 
Chronica_I,25,26,404230,אֶחָ֖יו ,,ʔeḥˌāʸw, 
Chronica_I,25,26,404231,שְׁנֵ֥ים ,,šᵊnˌêm, 
Chronica_I,25,26,404232,עָשָֽׂר׃ ,,ʕāśˈār, . 
Chronica_I,25,27,404237,בָּנָ֥יו ,,bānˌāʸw, 
Chronica_I,25,27,404239,אֶחָ֖יו ,,ʔeḥˌāʸw, 
Chronica_I,25,27,404240,שְׁנֵ֥ים ,,šᵊnˌêm, 
Chronica_I,25,27,404241,עָשָֽׂר׃ ,,ʕāśˈār, . 
Chronica_I,25,28,404248,בָּנָ֥יו ,,bānˌāʸw, 
Chronica_I,25,28,404250,אֶחָ֖יו ,,ʔeḥˌāʸw, 
Chronica_I,25,28,404251,שְׁנֵ֥ים ,,šᵊnˌêm, 
Chronica_I,25,28,404252,עָשָֽׂר׃ ,,ʕāśˈār, . 
Chronica_I,25,29,404259,בָּנָ֥יו ,,bānˌāʸw, 
Chronica_I,25,29,404261,אֶחָ֖יו ,,ʔeḥˌāʸw, 
Chronica_I,25,29,404262,שְׁנֵ֥ים ,,šᵊnˌêm, 
Chronica_I,25,29,404263,עָשָֽׂר׃ ,,ʕāśˈār, . 
Chronica_I,25,30,404270,בָּנָ֥יו ,,bānˌāʸw, 
Chronica_I,25,30,404272,אֶחָ֖יו ,,ʔeḥˌāʸw, 
Chronica_I,25,30,404273,שְׁנֵ֥ים ,,šᵊnˌêm, 
Chronica_I,25,30,404274,עָשָֽׂר׃ ,,ʕāśˈār, . 
Chronica_I,25,31,404281,בָּנָ֥יו ,,bānˌāʸw, 
Chronica_I,25,31,404283,אֶחָ֖יו ,,ʔeḥˌāʸw, 
Chronica_I,25,31,404284,שְׁנֵ֥ים ,,šᵊnˌêm, 
Chronica_I,25,31,404285,עָשָֽׂר׃ פ ,,ʕāśˈār . f, 
Chronica_I,26,2,404306,יְדִֽיעֲאֵ֣ל ,,yᵊḏˈîʕᵃʔˈēl, 
Chronica_I,26,2,404308,שֵּׁנִ֔י ,,ššēnˈî, 
Chronica_I,26,2,404309,זְבַדְיָ֨הוּ֙ ,,zᵊvaḏyˈāhû, 
Chronica_I,26,2,404311,שְּׁלִישִׁ֔י ,,ššᵊlîšˈî, 
Chronica_I,26,2,404312,יַתְנִיאֵ֖ל ,,yaṯnîʔˌēl, 
Chronica_I,26,2,404314,רְבִיעִֽי׃ ,,rᵊvîʕˈî, . 
Chronica_I,26,3,404315,עֵילָ֤ם ,,ʕêlˈām, 
Chronica_I,26,3,404317,חֲמִישִׁי֙ ,,ḥᵃmîšˌî, 
Chronica_I,26,3,404318,יְהֹוחָנָ֣ן ,,yᵊhôḥānˈān, 
Chronica_I,26,3,404320,שִּׁשִּׁ֔י ,,ššiššˈî, 
Chronica_I,26,3,404321,אֶלְיְהֹועֵינַ֖י ,,ʔelyᵊhôʕênˌay, 
Chronica_I,26,3,404323,שְּׁבִיעִֽי׃ ,,ššᵊvîʕˈî, . 
Chronica_I,26,4,404331,יְהֹוזָבָ֣ד ,,yᵊhôzāvˈāḏ, 
Chronica_I,26,4,404333,שֵּׁנִ֔י ,,ššēnˈî, 
Chronica_I,26,4,404334,יֹואָ֤ח ,,yôʔˈāḥ, 
Chronica_I,26,4,404336,שְּׁלִשִׁי֙ ,,ššᵊlišˌî, 
Chronica_I,26,4,404338,שָׂכָ֣ר ,,śāḵˈār, 
Chronica_I,26,4,404340,רְבִיעִ֔י ,,rᵊvîʕˈî, 
Chronica_I,26,4,404342,נְתַנְאֵ֖ל ,,nᵊṯanʔˌēl, 
Chronica_I,26,4,404344,חֲמִישִֽׁי׃ ,,ḥᵃmîšˈî, . 
Chronica_I,26,5,404345,עַמִּיאֵ֤ל ,,ʕammîʔˈēl, 
Chronica_I,26,5,404347,שִּׁשִּׁי֙ ,,ššiššˌî, 
Chronica_I,26,5,404348,יִשָׂשכָ֣ר ,,yiśāŝḵˈār, 
Chronica_I,26,5,404350,שְּׁבִיעִ֔י ,,ššᵊvîʕˈî, 
Chronica_I,26,5,404351,פְּעֻלְּתַ֖י ,,pᵊʕullᵊṯˌay, 
Chronica_I,26,5,404353,שְּׁמִינִ֑י ,,ššᵊmînˈî, 
Chronica_I,26,8,404386,כָּל־,,kol-,
Chronica_I,26,8,404387,אֵ֜לֶּה ,,ʔˈēlleh, 
Chronica_I,26,8,404403,שִׁשִּׁ֥ים ,,šiššˌîm, 
Chronica_I,26,8,404405,שְׁנַ֖יִם ,,šᵊnˌayim, 
Chronica_I,26,11,404437,חִלְקִיָּ֤הוּ ,,ḥilqiyyˈāhû, 
Chronica_I,26,11,404439,שֵּׁנִי֙ ,,ššēnˌî, 
Chronica_I,26,11,404440,טְבַלְיָ֣הוּ ,,ṭᵊvalyˈāhû, 
Chronica_I,26,11,404442,שְּׁלִשִׁ֔י ,,ššᵊlišˈî, 
Chronica_I,26,11,404443,זְכַרְיָ֖הוּ ,,zᵊḵaryˌāhû, 
Chronica_I,26,11,404445,רְבִעִ֑י ,,rᵊviʕˈî, 
Chronica_I,26,11,404446,כָּל־,,kol-,
Chronica_I,26,11,404447,בָּנִ֧ים ,,bānˈîm, 
Chronica_I,26,11,404449,אַחִ֛ים ,,ʔaḥˈîm, 
Chronica_I,26,11,404452,שְׁלֹשָׁ֥ה ,,šᵊlōšˌā, 
Chronica_I,26,11,404453,עָשָֽׂר׃ ,,ʕāśˈār, . 
Chronica_I,26,32,404814,אֶחָ֣יו ,,ʔeḥˈāʸw, 
Chronica_I,26,32,404817,אַלְפַּ֛יִם ,,ʔalpˈayim, 
Chronica_I,26,32,404819,שְׁבַ֥ע ,,šᵊvˌaʕ, 
Chronica_I,26,32,404820,מֵאֹ֖ות ,,mēʔˌôṯ, 
Chronica_I,27,1,404890,מַּחֲלֹ֨קֶת֙ ,,mmaḥᵃlˈōqeṯ, 
Chronica_I,27,1,404892,אַחַ֔ת ,,ʔaḥˈaṯ, 
Chronica_I,27,1,404893,עֶשְׂרִ֥ים ,,ʕeśrˌîm, 
Chronica_I,27,1,404895,אַרְבָּעָ֖ה ,,ʔarbāʕˌā, 
Chronica_I,27,1,404896,אָֽלֶף׃ ס ,,ʔˈālef . s, 
Chronica_I,27,6,404978,ה֧וּא ,,hˈû, 
Chronica_I,27,6,404982,שְּׁלֹשִׁ֖ים ,,ššᵊlōšˌîm, 
Chronica_I,29,27,406738,יָּמִ֗ים ,,yyāmˈîm, 
Chronica_I,29,27,406743,אַרְבָּעִ֖ים ,,ʔarbāʕˌîm, 
Chronica_II,2,1,407257,מְנַצְּחִ֣ים ,,mᵊnaṣṣᵊḥˈîm, 
Chronica_II,2,1,407259,שְׁלֹ֥שֶׁת ,,šᵊlˌōšeṯ, 
Chronica_II,2,1,407260,אֲלָפִ֖ים ,,ʔᵃlāfˌîm, 
Chronica_II,2,1,407262,שֵׁ֥שׁ ,,šˌēš, 
Chronica_II,2,1,407263,מֵאֹֽות׃ פ ,,mēʔˈôṯ . f, 
Chronica_II,3,3,407789,אֹ֡רֶךְ ,,ʔˈōreḵ, 
Chronica_II,3,3,407797,שִׁשִּׁ֔ים ,,šiššˈîm, 
Chronica_II,3,3,407799,רֹ֖חַב ,,rˌōḥav, 
Chronica_II,3,3,407801,עֶשְׂרִֽים׃ ,,ʕeśrˈîm, . 
Chronica_II,3,4,407804,אוּלָ֡ם ,,ʔûlˈām, 
Chronica_II,3,4,407816,עֶשְׂרִ֔ים ,,ʕeśrˈîm, 
Chronica_II,3,4,407819,גֹּ֖בַהּ ,,ggˌōvah, 
Chronica_II,3,4,407820,מֵאָ֣ה ,,mēʔˈā, 
Chronica_II,3,4,407822,עֶשְׂרִ֑ים ,,ʕeśrˈîm, 
Chronica_II,3,8,407889,אָרְכֹּ֞ו ,,ʔorkˈô, 
Chronica_II,3,8,407896,עֶשְׂרִ֔ים ,,ʕeśrˈîm, 
Chronica_II,3,8,407898,רָחְבֹּ֖ו ,,roḥbˌô, 
Chronica_II,3,8,407900,עֶשְׂרִ֑ים ,,ʕeśrˈîm, 
Chronica_II,3,11,407941,אָרְכָּ֖ם ,,ʔorkˌām, 
Chronica_II,3,11,407943,עֶשְׂרִ֑ים ,,ʕeśrˈîm, 
Chronica_II,3,11,407957,כָּנָ֤ף ,,kkānˈāf, 
Chronica_II,3,11,407959,אַחֶ֨רֶת֙ ,,ʔaḥˈereṯ, 
Chronica_II,3,11,407961,חָמֵ֔שׁ ,,ḥāmˈēš, 
Chronica_II,3,12,407970,כְנַ֨ף ,,ḵᵊnˌaf, 
Chronica_II,3,12,407972,כְּר֤וּב ,,kkᵊrˈûv, 
Chronica_II,3,12,407974,אֶחָד֙ ,,ʔeḥˌāḏ, 
Chronica_II,3,12,407976,חָמֵ֔שׁ ,,ḥāmˈēš, 
Chronica_II,3,12,407984,כָּנָ֤ף ,,kkānˈāf, 
Chronica_II,3,12,407986,אַחֶ֨רֶת֙ ,,ʔaḥˈereṯ, 
Chronica_II,3,12,407988,חָמֵ֔שׁ ,,ḥāmˈēš, 
Chronica_II,3,15,408045,צֶּ֥פֶת ,,ṣṣˌefeṯ, 
Chronica_II,3,15,408050,חָמֵֽשׁ׃ ס ,,ḥāmˈēš . s, 
Chronica_II,5,3,408666,ה֖וּא ,,hˌû, 
Chronica_II,5,3,408670,שְּׁבִעִֽי׃ ,,ššᵊviʕˈî, . 
Chronica_II,26,1,419596,ה֕וּא ,,hˈû, 
Chronica_II,26,1,419598,שֵׁ֥שׁ ,,šˌēš, 
Chronica_II,26,1,419599,עֶשְׂרֵ֖ה ,,ʕeśrˌē, 
Chronica_II,26,12,419831,כֹּ֠ל ,,kˌōl, 
Chronica_II,26,12,419832,מִסְפַּ֞ר ,,mispˈar, 
Chronica_II,26,12,419833,רָאשֵׁ֤י ,,rāšˈê, 
Chronica_II,26,12,419835,אָבֹות֙ ,,ʔāvôṯ, 
Chronica_II,26,12,419839,אַלְפַּ֖יִם ,,ʔalpˌayim, 
Chronica_II,26,12,419841,שֵׁ֥שׁ ,,šˌēš, 
Chronica_II,26,12,419842,מֵאֹֽות׃ ,,mēʔˈôṯ, . 
Chronica_II,29,32,421713,מִסְפַּ֣ר ,,mispˈar, 
Chronica_II,29,32,421715,עֹלָה֮ ,,ʕōlā, 
Chronica_II,29,32,421721,שִׁבְעִ֔ים ,,šivʕˈîm, 
Chronica_II,29,32,421723,מֵאָ֖ה ,,mēʔˌā, 
Chronica_II,29,32,421725,מָאתָ֑יִם ,,māṯˈāyim, 
Chronica_II,29,33,421734,קֳּדָשִׁ֑ים ,,qqᵒḏāšˈîm, 
Chronica_II,29,33,421736,שֵׁ֣שׁ ,,šˈēš, 
Chronica_II,29,33,421737,מֵאֹ֔ות ,,mēʔˈôṯ, 
Chronica_II,29,33,421740,שְׁלֹ֥שֶׁת ,,šᵊlˌōšeṯ, 
Chronica_II,29,33,421741,אֲלָפִֽים׃ ,,ʔᵃlāfˈîm, . 
