passage	node	phrase	semantic plural	sentence
Jude 1:1	400492	Ἰούδας Ἰησοῦ Χριστοῦ δοῦλος, δὲ ἀδελφὸς Ἰακώβου, 		Ἰούδας Ἰησοῦ Χριστοῦ δοῦλος, δὲ ἀδελφὸς Ἰακώβου, τοῖς ἐν θεῷ πατρὶ ἠγαπημένοις καὶ Ἰησοῦ Χριστῷ τετηρημένοις κλητοῖς· 
Jude 1:1	400493	Ἰούδας 		Ἰούδας Ἰησοῦ Χριστοῦ δοῦλος, δὲ ἀδελφὸς Ἰακώβου, τοῖς ἐν θεῷ πατρὶ ἠγαπημένοις καὶ Ἰησοῦ Χριστῷ τετηρημένοις κλητοῖς· 
Jude 1:1	400494	Ἰησοῦ Χριστοῦ δοῦλος, δὲ ἀδελφὸς Ἰακώβου, 		Ἰούδας Ἰησοῦ Χριστοῦ δοῦλος, δὲ ἀδελφὸς Ἰακώβου, τοῖς ἐν θεῷ πατρὶ ἠγαπημένοις καὶ Ἰησοῦ Χριστῷ τετηρημένοις κλητοῖς· 
Jude 1:1	400495	Ἰησοῦ Χριστοῦ δοῦλος, 		Ἰούδας Ἰησοῦ Χριστοῦ δοῦλος, δὲ ἀδελφὸς Ἰακώβου, τοῖς ἐν θεῷ πατρὶ ἠγαπημένοις καὶ Ἰησοῦ Χριστῷ τετηρημένοις κλητοῖς· 
Jude 1:1	400496	Ἰησοῦ Χριστοῦ 		Ἰούδας Ἰησοῦ Χριστοῦ δοῦλος, δὲ ἀδελφὸς Ἰακώβου, τοῖς ἐν θεῷ πατρὶ ἠγαπημένοις καὶ Ἰησοῦ Χριστῷ τετηρημένοις κλητοῖς· 
Jude 1:1	400497	Ἰησοῦ 		Ἰούδας Ἰησοῦ Χριστοῦ δοῦλος, δὲ ἀδελφὸς Ἰακώβου, τοῖς ἐν θεῷ πατρὶ ἠγαπημένοις καὶ Ἰησοῦ Χριστῷ τετηρημένοις κλητοῖς· 
Jude 1:1	400498	Χριστοῦ 		Ἰούδας Ἰησοῦ Χριστοῦ δοῦλος, δὲ ἀδελφὸς Ἰακώβου, τοῖς ἐν θεῷ πατρὶ ἠγαπημένοις καὶ Ἰησοῦ Χριστῷ τετηρημένοις κλητοῖς· 
Jude 1:1	400499	δοῦλος, 		Ἰούδας Ἰησοῦ Χριστοῦ δοῦλος, δὲ ἀδελφὸς Ἰακώβου, τοῖς ἐν θεῷ πατρὶ ἠγαπημένοις καὶ Ἰησοῦ Χριστῷ τετηρημένοις κλητοῖς· 
Jude 1:1	400500	ἀδελφὸς Ἰακώβου, 		Ἰούδας Ἰησοῦ Χριστοῦ δοῦλος, δὲ ἀδελφὸς Ἰακώβου, τοῖς ἐν θεῷ πατρὶ ἠγαπημένοις καὶ Ἰησοῦ Χριστῷ τετηρημένοις κλητοῖς· 
Jude 1:1	400501	ἀδελφὸς 		Ἰούδας Ἰησοῦ Χριστοῦ δοῦλος, δὲ ἀδελφὸς Ἰακώβου, τοῖς ἐν θεῷ πατρὶ ἠγαπημένοις καὶ Ἰησοῦ Χριστῷ τετηρημένοις κλητοῖς· 
Jude 1:1	400502	Ἰακώβου, 		Ἰούδας Ἰησοῦ Χριστοῦ δοῦλος, δὲ ἀδελφὸς Ἰακώβου, τοῖς ἐν θεῷ πατρὶ ἠγαπημένοις καὶ Ἰησοῦ Χριστῷ τετηρημένοις κλητοῖς· 
Jude 1:1	400503	τοῖς ἐν θεῷ πατρὶ ἠγαπημένοις καὶ Ἰησοῦ Χριστῷ τετηρημένοις κλητοῖς· 		Ἰούδας Ἰησοῦ Χριστοῦ δοῦλος, δὲ ἀδελφὸς Ἰακώβου, τοῖς ἐν θεῷ πατρὶ ἠγαπημένοις καὶ Ἰησοῦ Χριστῷ τετηρημένοις κλητοῖς· 
Jude 1:1	400504	ἐν θεῷ πατρὶ ἠγαπημένοις καὶ Ἰησοῦ Χριστῷ τετηρημένοις κλητοῖς· 		Ἰούδας Ἰησοῦ Χριστοῦ δοῦλος, δὲ ἀδελφὸς Ἰακώβου, τοῖς ἐν θεῷ πατρὶ ἠγαπημένοις καὶ Ἰησοῦ Χριστῷ τετηρημένοις κλητοῖς· 
Jude 1:1	400507	θεῷ πατρὶ 		Ἰούδας Ἰησοῦ Χριστοῦ δοῦλος, δὲ ἀδελφὸς Ἰακώβου, τοῖς ἐν θεῷ πατρὶ ἠγαπημένοις καὶ Ἰησοῦ Χριστῷ τετηρημένοις κλητοῖς· 
Jude 1:1	400508	θεῷ 		Ἰούδας Ἰησοῦ Χριστοῦ δοῦλος, δὲ ἀδελφὸς Ἰακώβου, τοῖς ἐν θεῷ πατρὶ ἠγαπημένοις καὶ Ἰησοῦ Χριστῷ τετηρημένοις κλητοῖς· 
Jude 1:1	400509	πατρὶ 		Ἰούδας Ἰησοῦ Χριστοῦ δοῦλος, δὲ ἀδελφὸς Ἰακώβου, τοῖς ἐν θεῷ πατρὶ ἠγαπημένοις καὶ Ἰησοῦ Χριστῷ τετηρημένοις κλητοῖς· 
Jude 1:1	400511	Ἰησοῦ Χριστῷ 		Ἰούδας Ἰησοῦ Χριστοῦ δοῦλος, δὲ ἀδελφὸς Ἰακώβου, τοῖς ἐν θεῷ πατρὶ ἠγαπημένοις καὶ Ἰησοῦ Χριστῷ τετηρημένοις κλητοῖς· 
Jude 1:1	400512	Ἰησοῦ 		Ἰούδας Ἰησοῦ Χριστοῦ δοῦλος, δὲ ἀδελφὸς Ἰακώβου, τοῖς ἐν θεῷ πατρὶ ἠγαπημένοις καὶ Ἰησοῦ Χριστῷ τετηρημένοις κλητοῖς· 
Jude 1:1	400513	Χριστῷ 		Ἰούδας Ἰησοῦ Χριστοῦ δοῦλος, δὲ ἀδελφὸς Ἰακώβου, τοῖς ἐν θεῷ πατρὶ ἠγαπημένοις καὶ Ἰησοῦ Χριστῷ τετηρημένοις κλητοῖς· 
Jude 1:1	400515	κλητοῖς· 		Ἰούδας Ἰησοῦ Χριστοῦ δοῦλος, δὲ ἀδελφὸς Ἰακώβου, τοῖς ἐν θεῷ πατρὶ ἠγαπημένοις καὶ Ἰησοῦ Χριστῷ τετηρημένοις κλητοῖς· 
Jude 1:2	400517	ὑμῖν 		ὑμῖν ἔλεος καὶ εἰρήνη καὶ ἀγάπη πληθυνθείη. 
Jude 1:2	400518	ἔλεος καὶ εἰρήνη καὶ ἀγάπη 		ὑμῖν ἔλεος καὶ εἰρήνη καὶ ἀγάπη πληθυνθείη. 
Jude 1:2	400519	ἔλεος 		ὑμῖν ἔλεος καὶ εἰρήνη καὶ ἀγάπη πληθυνθείη. 
Jude 1:2	400520	εἰρήνη 		ὑμῖν ἔλεος καὶ εἰρήνη καὶ ἀγάπη πληθυνθείη. 
Jude 1:2	400521	ἀγάπη 		ὑμῖν ἔλεος καὶ εἰρήνη καὶ ἀγάπη πληθυνθείη. 
Jude 1:3	400523	Ἀγαπητοί, 		Ἀγαπητοί, πᾶσαν σπουδὴν ποιούμενος γράφειν ὑμῖν περὶ τῆς κοινῆς ἡμῶν σωτηρίας ἀνάγκην ἔσχον γράψαι ὑμῖν παρακαλῶν ἐπαγωνίζεσθαι τῇ ἅπαξ παραδοθείσῃ τοῖς ἁγίοις πίστει. 
Jude 1:3	400525	πᾶσαν σπουδὴν 		Ἀγαπητοί, πᾶσαν σπουδὴν ποιούμενος γράφειν ὑμῖν περὶ τῆς κοινῆς ἡμῶν σωτηρίας ἀνάγκην ἔσχον γράψαι ὑμῖν παρακαλῶν ἐπαγωνίζεσθαι τῇ ἅπαξ παραδοθείσῃ τοῖς ἁγίοις πίστει. 
Jude 1:3	400527	σπουδὴν 		Ἀγαπητοί, πᾶσαν σπουδὴν ποιούμενος γράφειν ὑμῖν περὶ τῆς κοινῆς ἡμῶν σωτηρίας ἀνάγκην ἔσχον γράψαι ὑμῖν παρακαλῶν ἐπαγωνίζεσθαι τῇ ἅπαξ παραδοθείσῃ τοῖς ἁγίοις πίστει. 
Jude 1:3	400530	ὑμῖν 		Ἀγαπητοί, πᾶσαν σπουδὴν ποιούμενος γράφειν ὑμῖν περὶ τῆς κοινῆς ἡμῶν σωτηρίας ἀνάγκην ἔσχον γράψαι ὑμῖν παρακαλῶν ἐπαγωνίζεσθαι τῇ ἅπαξ παραδοθείσῃ τοῖς ἁγίοις πίστει. 
Jude 1:3	400532	τῆς κοινῆς ἡμῶν σωτηρίας 		Ἀγαπητοί, πᾶσαν σπουδὴν ποιούμενος γράφειν ὑμῖν περὶ τῆς κοινῆς ἡμῶν σωτηρίας ἀνάγκην ἔσχον γράψαι ὑμῖν παρακαλῶν ἐπαγωνίζεσθαι τῇ ἅπαξ παραδοθείσῃ τοῖς ἁγίοις πίστει. 
Jude 1:3	400533	κοινῆς ἡμῶν σωτηρίας 		Ἀγαπητοί, πᾶσαν σπουδὴν ποιούμενος γράφειν ὑμῖν περὶ τῆς κοινῆς ἡμῶν σωτηρίας ἀνάγκην ἔσχον γράψαι ὑμῖν παρακαλῶν ἐπαγωνίζεσθαι τῇ ἅπαξ παραδοθείσῃ τοῖς ἁγίοις πίστει. 
Jude 1:3	400535	ἡμῶν σωτηρίας 		Ἀγαπητοί, πᾶσαν σπουδὴν ποιούμενος γράφειν ὑμῖν περὶ τῆς κοινῆς ἡμῶν σωτηρίας ἀνάγκην ἔσχον γράψαι ὑμῖν παρακαλῶν ἐπαγωνίζεσθαι τῇ ἅπαξ παραδοθείσῃ τοῖς ἁγίοις πίστει. 
Jude 1:3	400536	ἡμῶν 		Ἀγαπητοί, πᾶσαν σπουδὴν ποιούμενος γράφειν ὑμῖν περὶ τῆς κοινῆς ἡμῶν σωτηρίας ἀνάγκην ἔσχον γράψαι ὑμῖν παρακαλῶν ἐπαγωνίζεσθαι τῇ ἅπαξ παραδοθείσῃ τοῖς ἁγίοις πίστει. 
Jude 1:3	400537	σωτηρίας 		Ἀγαπητοί, πᾶσαν σπουδὴν ποιούμενος γράφειν ὑμῖν περὶ τῆς κοινῆς ἡμῶν σωτηρίας ἀνάγκην ἔσχον γράψαι ὑμῖν παρακαλῶν ἐπαγωνίζεσθαι τῇ ἅπαξ παραδοθείσῃ τοῖς ἁγίοις πίστει. 
Jude 1:3	400538	ἀνάγκην 		Ἀγαπητοί, πᾶσαν σπουδὴν ποιούμενος γράφειν ὑμῖν περὶ τῆς κοινῆς ἡμῶν σωτηρίας ἀνάγκην ἔσχον γράψαι ὑμῖν παρακαλῶν ἐπαγωνίζεσθαι τῇ ἅπαξ παραδοθείσῃ τοῖς ἁγίοις πίστει. 
Jude 1:3	400541	ὑμῖν 		Ἀγαπητοί, πᾶσαν σπουδὴν ποιούμενος γράφειν ὑμῖν περὶ τῆς κοινῆς ἡμῶν σωτηρίας ἀνάγκην ἔσχον γράψαι ὑμῖν παρακαλῶν ἐπαγωνίζεσθαι τῇ ἅπαξ παραδοθείσῃ τοῖς ἁγίοις πίστει. 
Jude 1:3	400544	τῇ ἅπαξ παραδοθείσῃ τοῖς ἁγίοις πίστει. 		Ἀγαπητοί, πᾶσαν σπουδὴν ποιούμενος γράφειν ὑμῖν περὶ τῆς κοινῆς ἡμῶν σωτηρίας ἀνάγκην ἔσχον γράψαι ὑμῖν παρακαλῶν ἐπαγωνίζεσθαι τῇ ἅπαξ παραδοθείσῃ τοῖς ἁγίοις πίστει. 
Jude 1:3	400545	ἅπαξ παραδοθείσῃ τοῖς ἁγίοις πίστει. 		Ἀγαπητοί, πᾶσαν σπουδὴν ποιούμενος γράφειν ὑμῖν περὶ τῆς κοινῆς ἡμῶν σωτηρίας ἀνάγκην ἔσχον γράψαι ὑμῖν παρακαλῶν ἐπαγωνίζεσθαι τῇ ἅπαξ παραδοθείσῃ τοῖς ἁγίοις πίστει. 
Jude 1:3	400549	τοῖς ἁγίοις 		Ἀγαπητοί, πᾶσαν σπουδὴν ποιούμενος γράφειν ὑμῖν περὶ τῆς κοινῆς ἡμῶν σωτηρίας ἀνάγκην ἔσχον γράψαι ὑμῖν παρακαλῶν ἐπαγωνίζεσθαι τῇ ἅπαξ παραδοθείσῃ τοῖς ἁγίοις πίστει. 
Jude 1:3	400551	πίστει. 		Ἀγαπητοί, πᾶσαν σπουδὴν ποιούμενος γράφειν ὑμῖν περὶ τῆς κοινῆς ἡμῶν σωτηρίας ἀνάγκην ἔσχον γράψαι ὑμῖν παρακαλῶν ἐπαγωνίζεσθαι τῇ ἅπαξ παραδοθείσῃ τοῖς ἁγίοις πίστει. 
Jude 1:4	400553	τινες ἄνθρωποι, οἱ πάλαι προγεγραμμένοι εἰς τοῦτο τὸ κρίμα, ἀσεβεῖς, 		γάρ παρεισέδυσαν τινες ἄνθρωποι, οἱ πάλαι προγεγραμμένοι εἰς τοῦτο τὸ κρίμα, ἀσεβεῖς, τὴν τοῦ θεοῦ ἡμῶν χάριτα μετατιθέντες εἰς ἀσέλγειαν καὶ τὸν μόνον δεσπότην καὶ κύριον ἡμῶν Ἰησοῦν Χριστὸν ἀρνούμενοι. 
Jude 1:4	400554	τινες ἄνθρωποι, οἱ πάλαι προγεγραμμένοι εἰς τοῦτο τὸ κρίμα, 		γάρ παρεισέδυσαν τινες ἄνθρωποι, οἱ πάλαι προγεγραμμένοι εἰς τοῦτο τὸ κρίμα, ἀσεβεῖς, τὴν τοῦ θεοῦ ἡμῶν χάριτα μετατιθέντες εἰς ἀσέλγειαν καὶ τὸν μόνον δεσπότην καὶ κύριον ἡμῶν Ἰησοῦν Χριστὸν ἀρνούμενοι. 
Jude 1:4	400555	τινες ἄνθρωποι, 		γάρ παρεισέδυσαν τινες ἄνθρωποι, οἱ πάλαι προγεγραμμένοι εἰς τοῦτο τὸ κρίμα, ἀσεβεῖς, τὴν τοῦ θεοῦ ἡμῶν χάριτα μετατιθέντες εἰς ἀσέλγειαν καὶ τὸν μόνον δεσπότην καὶ κύριον ἡμῶν Ἰησοῦν Χριστὸν ἀρνούμενοι. 
Jude 1:4	400557	ἄνθρωποι, 		γάρ παρεισέδυσαν τινες ἄνθρωποι, οἱ πάλαι προγεγραμμένοι εἰς τοῦτο τὸ κρίμα, ἀσεβεῖς, τὴν τοῦ θεοῦ ἡμῶν χάριτα μετατιθέντες εἰς ἀσέλγειαν καὶ τὸν μόνον δεσπότην καὶ κύριον ἡμῶν Ἰησοῦν Χριστὸν ἀρνούμενοι. 
Jude 1:4	400558	οἱ πάλαι προγεγραμμένοι εἰς τοῦτο τὸ κρίμα, 		γάρ παρεισέδυσαν τινες ἄνθρωποι, οἱ πάλαι προγεγραμμένοι εἰς τοῦτο τὸ κρίμα, ἀσεβεῖς, τὴν τοῦ θεοῦ ἡμῶν χάριτα μετατιθέντες εἰς ἀσέλγειαν καὶ τὸν μόνον δεσπότην καὶ κύριον ἡμῶν Ἰησοῦν Χριστὸν ἀρνούμενοι. 
Jude 1:4	400562	τοῦτο τὸ κρίμα, 		γάρ παρεισέδυσαν τινες ἄνθρωποι, οἱ πάλαι προγεγραμμένοι εἰς τοῦτο τὸ κρίμα, ἀσεβεῖς, τὴν τοῦ θεοῦ ἡμῶν χάριτα μετατιθέντες εἰς ἀσέλγειαν καὶ τὸν μόνον δεσπότην καὶ κύριον ἡμῶν Ἰησοῦν Χριστὸν ἀρνούμενοι. 
Jude 1:4	400563	τοῦτο 		γάρ παρεισέδυσαν τινες ἄνθρωποι, οἱ πάλαι προγεγραμμένοι εἰς τοῦτο τὸ κρίμα, ἀσεβεῖς, τὴν τοῦ θεοῦ ἡμῶν χάριτα μετατιθέντες εἰς ἀσέλγειαν καὶ τὸν μόνον δεσπότην καὶ κύριον ἡμῶν Ἰησοῦν Χριστὸν ἀρνούμενοι. 
Jude 1:4	400564	τὸ κρίμα, 		γάρ παρεισέδυσαν τινες ἄνθρωποι, οἱ πάλαι προγεγραμμένοι εἰς τοῦτο τὸ κρίμα, ἀσεβεῖς, τὴν τοῦ θεοῦ ἡμῶν χάριτα μετατιθέντες εἰς ἀσέλγειαν καὶ τὸν μόνον δεσπότην καὶ κύριον ἡμῶν Ἰησοῦν Χριστὸν ἀρνούμενοι. 
Jude 1:4	400565	κρίμα, 		γάρ παρεισέδυσαν τινες ἄνθρωποι, οἱ πάλαι προγεγραμμένοι εἰς τοῦτο τὸ κρίμα, ἀσεβεῖς, τὴν τοῦ θεοῦ ἡμῶν χάριτα μετατιθέντες εἰς ἀσέλγειαν καὶ τὸν μόνον δεσπότην καὶ κύριον ἡμῶν Ἰησοῦν Χριστὸν ἀρνούμενοι. 
Jude 1:4	400566	ἀσεβεῖς, 		γάρ παρεισέδυσαν τινες ἄνθρωποι, οἱ πάλαι προγεγραμμένοι εἰς τοῦτο τὸ κρίμα, ἀσεβεῖς, τὴν τοῦ θεοῦ ἡμῶν χάριτα μετατιθέντες εἰς ἀσέλγειαν καὶ τὸν μόνον δεσπότην καὶ κύριον ἡμῶν Ἰησοῦν Χριστὸν ἀρνούμενοι. 
Jude 1:4	400568	τὴν τοῦ θεοῦ ἡμῶν χάριτα 		γάρ παρεισέδυσαν τινες ἄνθρωποι, οἱ πάλαι προγεγραμμένοι εἰς τοῦτο τὸ κρίμα, ἀσεβεῖς, τὴν τοῦ θεοῦ ἡμῶν χάριτα μετατιθέντες εἰς ἀσέλγειαν καὶ τὸν μόνον δεσπότην καὶ κύριον ἡμῶν Ἰησοῦν Χριστὸν ἀρνούμενοι. 
Jude 1:4	400569	τοῦ θεοῦ ἡμῶν χάριτα 		γάρ παρεισέδυσαν τινες ἄνθρωποι, οἱ πάλαι προγεγραμμένοι εἰς τοῦτο τὸ κρίμα, ἀσεβεῖς, τὴν τοῦ θεοῦ ἡμῶν χάριτα μετατιθέντες εἰς ἀσέλγειαν καὶ τὸν μόνον δεσπότην καὶ κύριον ἡμῶν Ἰησοῦν Χριστὸν ἀρνούμενοι. 
Jude 1:4	400570	τοῦ θεοῦ ἡμῶν 		γάρ παρεισέδυσαν τινες ἄνθρωποι, οἱ πάλαι προγεγραμμένοι εἰς τοῦτο τὸ κρίμα, ἀσεβεῖς, τὴν τοῦ θεοῦ ἡμῶν χάριτα μετατιθέντες εἰς ἀσέλγειαν καὶ τὸν μόνον δεσπότην καὶ κύριον ἡμῶν Ἰησοῦν Χριστὸν ἀρνούμενοι. 
Jude 1:4	400571	θεοῦ ἡμῶν 		γάρ παρεισέδυσαν τινες ἄνθρωποι, οἱ πάλαι προγεγραμμένοι εἰς τοῦτο τὸ κρίμα, ἀσεβεῖς, τὴν τοῦ θεοῦ ἡμῶν χάριτα μετατιθέντες εἰς ἀσέλγειαν καὶ τὸν μόνον δεσπότην καὶ κύριον ἡμῶν Ἰησοῦν Χριστὸν ἀρνούμενοι. 
Jude 1:4	400572	θεοῦ 		γάρ παρεισέδυσαν τινες ἄνθρωποι, οἱ πάλαι προγεγραμμένοι εἰς τοῦτο τὸ κρίμα, ἀσεβεῖς, τὴν τοῦ θεοῦ ἡμῶν χάριτα μετατιθέντες εἰς ἀσέλγειαν καὶ τὸν μόνον δεσπότην καὶ κύριον ἡμῶν Ἰησοῦν Χριστὸν ἀρνούμενοι. 
Jude 1:4	400573	ἡμῶν 		γάρ παρεισέδυσαν τινες ἄνθρωποι, οἱ πάλαι προγεγραμμένοι εἰς τοῦτο τὸ κρίμα, ἀσεβεῖς, τὴν τοῦ θεοῦ ἡμῶν χάριτα μετατιθέντες εἰς ἀσέλγειαν καὶ τὸν μόνον δεσπότην καὶ κύριον ἡμῶν Ἰησοῦν Χριστὸν ἀρνούμενοι. 
Jude 1:4	400574	χάριτα 		γάρ παρεισέδυσαν τινες ἄνθρωποι, οἱ πάλαι προγεγραμμένοι εἰς τοῦτο τὸ κρίμα, ἀσεβεῖς, τὴν τοῦ θεοῦ ἡμῶν χάριτα μετατιθέντες εἰς ἀσέλγειαν καὶ τὸν μόνον δεσπότην καὶ κύριον ἡμῶν Ἰησοῦν Χριστὸν ἀρνούμενοι. 
Jude 1:4	400577	ἀσέλγειαν 		γάρ παρεισέδυσαν τινες ἄνθρωποι, οἱ πάλαι προγεγραμμένοι εἰς τοῦτο τὸ κρίμα, ἀσεβεῖς, τὴν τοῦ θεοῦ ἡμῶν χάριτα μετατιθέντες εἰς ἀσέλγειαν καὶ τὸν μόνον δεσπότην καὶ κύριον ἡμῶν Ἰησοῦν Χριστὸν ἀρνούμενοι. 
Jude 1:4	400578	τὸν μόνον δεσπότην καὶ κύριον ἡμῶν Ἰησοῦν Χριστὸν 		γάρ παρεισέδυσαν τινες ἄνθρωποι, οἱ πάλαι προγεγραμμένοι εἰς τοῦτο τὸ κρίμα, ἀσεβεῖς, τὴν τοῦ θεοῦ ἡμῶν χάριτα μετατιθέντες εἰς ἀσέλγειαν καὶ τὸν μόνον δεσπότην καὶ κύριον ἡμῶν Ἰησοῦν Χριστὸν ἀρνούμενοι. 
Jude 1:4	400579	μόνον δεσπότην καὶ κύριον ἡμῶν Ἰησοῦν Χριστὸν 		γάρ παρεισέδυσαν τινες ἄνθρωποι, οἱ πάλαι προγεγραμμένοι εἰς τοῦτο τὸ κρίμα, ἀσεβεῖς, τὴν τοῦ θεοῦ ἡμῶν χάριτα μετατιθέντες εἰς ἀσέλγειαν καὶ τὸν μόνον δεσπότην καὶ κύριον ἡμῶν Ἰησοῦν Χριστὸν ἀρνούμενοι. 
Jude 1:4	400580	μόνον δεσπότην 		γάρ παρεισέδυσαν τινες ἄνθρωποι, οἱ πάλαι προγεγραμμένοι εἰς τοῦτο τὸ κρίμα, ἀσεβεῖς, τὴν τοῦ θεοῦ ἡμῶν χάριτα μετατιθέντες εἰς ἀσέλγειαν καὶ τὸν μόνον δεσπότην καὶ κύριον ἡμῶν Ἰησοῦν Χριστὸν ἀρνούμενοι. 
Jude 1:4	400582	δεσπότην 		γάρ παρεισέδυσαν τινες ἄνθρωποι, οἱ πάλαι προγεγραμμένοι εἰς τοῦτο τὸ κρίμα, ἀσεβεῖς, τὴν τοῦ θεοῦ ἡμῶν χάριτα μετατιθέντες εἰς ἀσέλγειαν καὶ τὸν μόνον δεσπότην καὶ κύριον ἡμῶν Ἰησοῦν Χριστὸν ἀρνούμενοι. 
Jude 1:4	400583	κύριον ἡμῶν Ἰησοῦν Χριστὸν 		γάρ παρεισέδυσαν τινες ἄνθρωποι, οἱ πάλαι προγεγραμμένοι εἰς τοῦτο τὸ κρίμα, ἀσεβεῖς, τὴν τοῦ θεοῦ ἡμῶν χάριτα μετατιθέντες εἰς ἀσέλγειαν καὶ τὸν μόνον δεσπότην καὶ κύριον ἡμῶν Ἰησοῦν Χριστὸν ἀρνούμενοι. 
Jude 1:4	400584	κύριον ἡμῶν 		γάρ παρεισέδυσαν τινες ἄνθρωποι, οἱ πάλαι προγεγραμμένοι εἰς τοῦτο τὸ κρίμα, ἀσεβεῖς, τὴν τοῦ θεοῦ ἡμῶν χάριτα μετατιθέντες εἰς ἀσέλγειαν καὶ τὸν μόνον δεσπότην καὶ κύριον ἡμῶν Ἰησοῦν Χριστὸν ἀρνούμενοι. 
Jude 1:4	400585	κύριον 		γάρ παρεισέδυσαν τινες ἄνθρωποι, οἱ πάλαι προγεγραμμένοι εἰς τοῦτο τὸ κρίμα, ἀσεβεῖς, τὴν τοῦ θεοῦ ἡμῶν χάριτα μετατιθέντες εἰς ἀσέλγειαν καὶ τὸν μόνον δεσπότην καὶ κύριον ἡμῶν Ἰησοῦν Χριστὸν ἀρνούμενοι. 
Jude 1:4	400586	ἡμῶν 		γάρ παρεισέδυσαν τινες ἄνθρωποι, οἱ πάλαι προγεγραμμένοι εἰς τοῦτο τὸ κρίμα, ἀσεβεῖς, τὴν τοῦ θεοῦ ἡμῶν χάριτα μετατιθέντες εἰς ἀσέλγειαν καὶ τὸν μόνον δεσπότην καὶ κύριον ἡμῶν Ἰησοῦν Χριστὸν ἀρνούμενοι. 
Jude 1:4	400587	Ἰησοῦν Χριστὸν 		γάρ παρεισέδυσαν τινες ἄνθρωποι, οἱ πάλαι προγεγραμμένοι εἰς τοῦτο τὸ κρίμα, ἀσεβεῖς, τὴν τοῦ θεοῦ ἡμῶν χάριτα μετατιθέντες εἰς ἀσέλγειαν καὶ τὸν μόνον δεσπότην καὶ κύριον ἡμῶν Ἰησοῦν Χριστὸν ἀρνούμενοι. 
Jude 1:4	400588	Ἰησοῦν 		γάρ παρεισέδυσαν τινες ἄνθρωποι, οἱ πάλαι προγεγραμμένοι εἰς τοῦτο τὸ κρίμα, ἀσεβεῖς, τὴν τοῦ θεοῦ ἡμῶν χάριτα μετατιθέντες εἰς ἀσέλγειαν καὶ τὸν μόνον δεσπότην καὶ κύριον ἡμῶν Ἰησοῦν Χριστὸν ἀρνούμενοι. 
Jude 1:4	400589	Χριστὸν 		γάρ παρεισέδυσαν τινες ἄνθρωποι, οἱ πάλαι προγεγραμμένοι εἰς τοῦτο τὸ κρίμα, ἀσεβεῖς, τὴν τοῦ θεοῦ ἡμῶν χάριτα μετατιθέντες εἰς ἀσέλγειαν καὶ τὸν μόνον δεσπότην καὶ κύριον ἡμῶν Ἰησοῦν Χριστὸν ἀρνούμενοι. 
Jude 1:5	400593	ὑμᾶς 		δὲ βούλομαι, εἰδότας ὑμᾶς ἅπαξ πάντα, Ὑπομνῆσαι ὑμᾶς ὅτι Ἰησοῦς λαὸν ἐκ γῆς Αἰγύπτου σώσας τὸ δεύτερον τοὺς μὴ πιστεύσαντας ἀπώλεσεν, τε ἀγγέλους τοὺς μὴ τηρήσαντας τὴν ἑαυτῶν ἀρχὴν ἀλλὰ ἀπολιπόντας τὸ ἴδιον οἰκητήριον εἰς κρίσιν μεγάλης ἡμέρας δεσμοῖς ἀϊδίοις ὑπὸ ζόφον τετήρηκεν· ὡς Σόδομα καὶ Γόμορρα καὶ αἱ περὶ αὐτὰς πόλεις, τὸν ὅμοιον τρόπον τούτοις ἐκπορνεύσασαι καὶ ἀπελθοῦσαι ὀπίσω σαρκὸς ἑτέρας, πρόκεινται δεῖγμα πυρὸς αἰωνίου δίκην ὑπέχουσαι. 
Jude 1:5	400595	πάντα, 		δὲ βούλομαι, εἰδότας ὑμᾶς ἅπαξ πάντα, Ὑπομνῆσαι ὑμᾶς ὅτι Ἰησοῦς λαὸν ἐκ γῆς Αἰγύπτου σώσας τὸ δεύτερον τοὺς μὴ πιστεύσαντας ἀπώλεσεν, τε ἀγγέλους τοὺς μὴ τηρήσαντας τὴν ἑαυτῶν ἀρχὴν ἀλλὰ ἀπολιπόντας τὸ ἴδιον οἰκητήριον εἰς κρίσιν μεγάλης ἡμέρας δεσμοῖς ἀϊδίοις ὑπὸ ζόφον τετήρηκεν· ὡς Σόδομα καὶ Γόμορρα καὶ αἱ περὶ αὐτὰς πόλεις, τὸν ὅμοιον τρόπον τούτοις ἐκπορνεύσασαι καὶ ἀπελθοῦσαι ὀπίσω σαρκὸς ἑτέρας, πρόκεινται δεῖγμα πυρὸς αἰωνίου δίκην ὑπέχουσαι. 
Jude 1:5	400598	ὑμᾶς 		δὲ βούλομαι, εἰδότας ὑμᾶς ἅπαξ πάντα, Ὑπομνῆσαι ὑμᾶς ὅτι Ἰησοῦς λαὸν ἐκ γῆς Αἰγύπτου σώσας τὸ δεύτερον τοὺς μὴ πιστεύσαντας ἀπώλεσεν, τε ἀγγέλους τοὺς μὴ τηρήσαντας τὴν ἑαυτῶν ἀρχὴν ἀλλὰ ἀπολιπόντας τὸ ἴδιον οἰκητήριον εἰς κρίσιν μεγάλης ἡμέρας δεσμοῖς ἀϊδίοις ὑπὸ ζόφον τετήρηκεν· ὡς Σόδομα καὶ Γόμορρα καὶ αἱ περὶ αὐτὰς πόλεις, τὸν ὅμοιον τρόπον τούτοις ἐκπορνεύσασαι καὶ ἀπελθοῦσαι ὀπίσω σαρκὸς ἑτέρας, πρόκεινται δεῖγμα πυρὸς αἰωνίου δίκην ὑπέχουσαι. 
Jude 1:5	400599	Ἰησοῦς 		δὲ βούλομαι, εἰδότας ὑμᾶς ἅπαξ πάντα, Ὑπομνῆσαι ὑμᾶς ὅτι Ἰησοῦς λαὸν ἐκ γῆς Αἰγύπτου σώσας τὸ δεύτερον τοὺς μὴ πιστεύσαντας ἀπώλεσεν, τε ἀγγέλους τοὺς μὴ τηρήσαντας τὴν ἑαυτῶν ἀρχὴν ἀλλὰ ἀπολιπόντας τὸ ἴδιον οἰκητήριον εἰς κρίσιν μεγάλης ἡμέρας δεσμοῖς ἀϊδίοις ὑπὸ ζόφον τετήρηκεν· ὡς Σόδομα καὶ Γόμορρα καὶ αἱ περὶ αὐτὰς πόλεις, τὸν ὅμοιον τρόπον τούτοις ἐκπορνεύσασαι καὶ ἀπελθοῦσαι ὀπίσω σαρκὸς ἑτέρας, πρόκεινται δεῖγμα πυρὸς αἰωνίου δίκην ὑπέχουσαι. 
Jude 1:5	400600	λαὸν 		δὲ βούλομαι, εἰδότας ὑμᾶς ἅπαξ πάντα, Ὑπομνῆσαι ὑμᾶς ὅτι Ἰησοῦς λαὸν ἐκ γῆς Αἰγύπτου σώσας τὸ δεύτερον τοὺς μὴ πιστεύσαντας ἀπώλεσεν, τε ἀγγέλους τοὺς μὴ τηρήσαντας τὴν ἑαυτῶν ἀρχὴν ἀλλὰ ἀπολιπόντας τὸ ἴδιον οἰκητήριον εἰς κρίσιν μεγάλης ἡμέρας δεσμοῖς ἀϊδίοις ὑπὸ ζόφον τετήρηκεν· ὡς Σόδομα καὶ Γόμορρα καὶ αἱ περὶ αὐτὰς πόλεις, τὸν ὅμοιον τρόπον τούτοις ἐκπορνεύσασαι καὶ ἀπελθοῦσαι ὀπίσω σαρκὸς ἑτέρας, πρόκεινται δεῖγμα πυρὸς αἰωνίου δίκην ὑπέχουσαι. 
Jude 1:5	400602	γῆς Αἰγύπτου 		δὲ βούλομαι, εἰδότας ὑμᾶς ἅπαξ πάντα, Ὑπομνῆσαι ὑμᾶς ὅτι Ἰησοῦς λαὸν ἐκ γῆς Αἰγύπτου σώσας τὸ δεύτερον τοὺς μὴ πιστεύσαντας ἀπώλεσεν, τε ἀγγέλους τοὺς μὴ τηρήσαντας τὴν ἑαυτῶν ἀρχὴν ἀλλὰ ἀπολιπόντας τὸ ἴδιον οἰκητήριον εἰς κρίσιν μεγάλης ἡμέρας δεσμοῖς ἀϊδίοις ὑπὸ ζόφον τετήρηκεν· ὡς Σόδομα καὶ Γόμορρα καὶ αἱ περὶ αὐτὰς πόλεις, τὸν ὅμοιον τρόπον τούτοις ἐκπορνεύσασαι καὶ ἀπελθοῦσαι ὀπίσω σαρκὸς ἑτέρας, πρόκεινται δεῖγμα πυρὸς αἰωνίου δίκην ὑπέχουσαι. 
Jude 1:5	400603	γῆς 		δὲ βούλομαι, εἰδότας ὑμᾶς ἅπαξ πάντα, Ὑπομνῆσαι ὑμᾶς ὅτι Ἰησοῦς λαὸν ἐκ γῆς Αἰγύπτου σώσας τὸ δεύτερον τοὺς μὴ πιστεύσαντας ἀπώλεσεν, τε ἀγγέλους τοὺς μὴ τηρήσαντας τὴν ἑαυτῶν ἀρχὴν ἀλλὰ ἀπολιπόντας τὸ ἴδιον οἰκητήριον εἰς κρίσιν μεγάλης ἡμέρας δεσμοῖς ἀϊδίοις ὑπὸ ζόφον τετήρηκεν· ὡς Σόδομα καὶ Γόμορρα καὶ αἱ περὶ αὐτὰς πόλεις, τὸν ὅμοιον τρόπον τούτοις ἐκπορνεύσασαι καὶ ἀπελθοῦσαι ὀπίσω σαρκὸς ἑτέρας, πρόκεινται δεῖγμα πυρὸς αἰωνίου δίκην ὑπέχουσαι. 
Jude 1:5	400604	Αἰγύπτου 		δὲ βούλομαι, εἰδότας ὑμᾶς ἅπαξ πάντα, Ὑπομνῆσαι ὑμᾶς ὅτι Ἰησοῦς λαὸν ἐκ γῆς Αἰγύπτου σώσας τὸ δεύτερον τοὺς μὴ πιστεύσαντας ἀπώλεσεν, τε ἀγγέλους τοὺς μὴ τηρήσαντας τὴν ἑαυτῶν ἀρχὴν ἀλλὰ ἀπολιπόντας τὸ ἴδιον οἰκητήριον εἰς κρίσιν μεγάλης ἡμέρας δεσμοῖς ἀϊδίοις ὑπὸ ζόφον τετήρηκεν· ὡς Σόδομα καὶ Γόμορρα καὶ αἱ περὶ αὐτὰς πόλεις, τὸν ὅμοιον τρόπον τούτοις ἐκπορνεύσασαι καὶ ἀπελθοῦσαι ὀπίσω σαρκὸς ἑτέρας, πρόκεινται δεῖγμα πυρὸς αἰωνίου δίκην ὑπέχουσαι. 
Jude 1:5	400606	τὸ δεύτερον 		δὲ βούλομαι, εἰδότας ὑμᾶς ἅπαξ πάντα, Ὑπομνῆσαι ὑμᾶς ὅτι Ἰησοῦς λαὸν ἐκ γῆς Αἰγύπτου σώσας τὸ δεύτερον τοὺς μὴ πιστεύσαντας ἀπώλεσεν, τε ἀγγέλους τοὺς μὴ τηρήσαντας τὴν ἑαυτῶν ἀρχὴν ἀλλὰ ἀπολιπόντας τὸ ἴδιον οἰκητήριον εἰς κρίσιν μεγάλης ἡμέρας δεσμοῖς ἀϊδίοις ὑπὸ ζόφον τετήρηκεν· ὡς Σόδομα καὶ Γόμορρα καὶ αἱ περὶ αὐτὰς πόλεις, τὸν ὅμοιον τρόπον τούτοις ἐκπορνεύσασαι καὶ ἀπελθοῦσαι ὀπίσω σαρκὸς ἑτέρας, πρόκεινται δεῖγμα πυρὸς αἰωνίου δίκην ὑπέχουσαι. 
Jude 1:5	400608	τοὺς μὴ πιστεύσαντας 		δὲ βούλομαι, εἰδότας ὑμᾶς ἅπαξ πάντα, Ὑπομνῆσαι ὑμᾶς ὅτι Ἰησοῦς λαὸν ἐκ γῆς Αἰγύπτου σώσας τὸ δεύτερον τοὺς μὴ πιστεύσαντας ἀπώλεσεν, τε ἀγγέλους τοὺς μὴ τηρήσαντας τὴν ἑαυτῶν ἀρχὴν ἀλλὰ ἀπολιπόντας τὸ ἴδιον οἰκητήριον εἰς κρίσιν μεγάλης ἡμέρας δεσμοῖς ἀϊδίοις ὑπὸ ζόφον τετήρηκεν· ὡς Σόδομα καὶ Γόμορρα καὶ αἱ περὶ αὐτὰς πόλεις, τὸν ὅμοιον τρόπον τούτοις ἐκπορνεύσασαι καὶ ἀπελθοῦσαι ὀπίσω σαρκὸς ἑτέρας, πρόκεινται δεῖγμα πυρὸς αἰωνίου δίκην ὑπέχουσαι. 
Jude 1:6	400612	ἀγγέλους τοὺς μὴ τηρήσαντας τὴν ἑαυτῶν ἀρχὴν ἀλλὰ ἀπολιπόντας τὸ ἴδιον οἰκητήριον 		δὲ βούλομαι, εἰδότας ὑμᾶς ἅπαξ πάντα, Ὑπομνῆσαι ὑμᾶς ὅτι Ἰησοῦς λαὸν ἐκ γῆς Αἰγύπτου σώσας τὸ δεύτερον τοὺς μὴ πιστεύσαντας ἀπώλεσεν, τε ἀγγέλους τοὺς μὴ τηρήσαντας τὴν ἑαυτῶν ἀρχὴν ἀλλὰ ἀπολιπόντας τὸ ἴδιον οἰκητήριον εἰς κρίσιν μεγάλης ἡμέρας δεσμοῖς ἀϊδίοις ὑπὸ ζόφον τετήρηκεν· ὡς Σόδομα καὶ Γόμορρα καὶ αἱ περὶ αὐτὰς πόλεις, τὸν ὅμοιον τρόπον τούτοις ἐκπορνεύσασαι καὶ ἀπελθοῦσαι ὀπίσω σαρκὸς ἑτέρας, πρόκεινται δεῖγμα πυρὸς αἰωνίου δίκην ὑπέχουσαι. 
Jude 1:6	400613	ἀγγέλους 		δὲ βούλομαι, εἰδότας ὑμᾶς ἅπαξ πάντα, Ὑπομνῆσαι ὑμᾶς ὅτι Ἰησοῦς λαὸν ἐκ γῆς Αἰγύπτου σώσας τὸ δεύτερον τοὺς μὴ πιστεύσαντας ἀπώλεσεν, τε ἀγγέλους τοὺς μὴ τηρήσαντας τὴν ἑαυτῶν ἀρχὴν ἀλλὰ ἀπολιπόντας τὸ ἴδιον οἰκητήριον εἰς κρίσιν μεγάλης ἡμέρας δεσμοῖς ἀϊδίοις ὑπὸ ζόφον τετήρηκεν· ὡς Σόδομα καὶ Γόμορρα καὶ αἱ περὶ αὐτὰς πόλεις, τὸν ὅμοιον τρόπον τούτοις ἐκπορνεύσασαι καὶ ἀπελθοῦσαι ὀπίσω σαρκὸς ἑτέρας, πρόκεινται δεῖγμα πυρὸς αἰωνίου δίκην ὑπέχουσαι. 
Jude 1:6	400614	τοὺς μὴ τηρήσαντας τὴν ἑαυτῶν ἀρχὴν ἀλλὰ ἀπολιπόντας τὸ ἴδιον οἰκητήριον 		δὲ βούλομαι, εἰδότας ὑμᾶς ἅπαξ πάντα, Ὑπομνῆσαι ὑμᾶς ὅτι Ἰησοῦς λαὸν ἐκ γῆς Αἰγύπτου σώσας τὸ δεύτερον τοὺς μὴ πιστεύσαντας ἀπώλεσεν, τε ἀγγέλους τοὺς μὴ τηρήσαντας τὴν ἑαυτῶν ἀρχὴν ἀλλὰ ἀπολιπόντας τὸ ἴδιον οἰκητήριον εἰς κρίσιν μεγάλης ἡμέρας δεσμοῖς ἀϊδίοις ὑπὸ ζόφον τετήρηκεν· ὡς Σόδομα καὶ Γόμορρα καὶ αἱ περὶ αὐτὰς πόλεις, τὸν ὅμοιον τρόπον τούτοις ἐκπορνεύσασαι καὶ ἀπελθοῦσαι ὀπίσω σαρκὸς ἑτέρας, πρόκεινται δεῖγμα πυρὸς αἰωνίου δίκην ὑπέχουσαι. 
Jude 1:6	400617	τὴν ἑαυτῶν ἀρχὴν 		δὲ βούλομαι, εἰδότας ὑμᾶς ἅπαξ πάντα, Ὑπομνῆσαι ὑμᾶς ὅτι Ἰησοῦς λαὸν ἐκ γῆς Αἰγύπτου σώσας τὸ δεύτερον τοὺς μὴ πιστεύσαντας ἀπώλεσεν, τε ἀγγέλους τοὺς μὴ τηρήσαντας τὴν ἑαυτῶν ἀρχὴν ἀλλὰ ἀπολιπόντας τὸ ἴδιον οἰκητήριον εἰς κρίσιν μεγάλης ἡμέρας δεσμοῖς ἀϊδίοις ὑπὸ ζόφον τετήρηκεν· ὡς Σόδομα καὶ Γόμορρα καὶ αἱ περὶ αὐτὰς πόλεις, τὸν ὅμοιον τρόπον τούτοις ἐκπορνεύσασαι καὶ ἀπελθοῦσαι ὀπίσω σαρκὸς ἑτέρας, πρόκεινται δεῖγμα πυρὸς αἰωνίου δίκην ὑπέχουσαι. 
Jude 1:6	400618	ἑαυτῶν ἀρχὴν 		δὲ βούλομαι, εἰδότας ὑμᾶς ἅπαξ πάντα, Ὑπομνῆσαι ὑμᾶς ὅτι Ἰησοῦς λαὸν ἐκ γῆς Αἰγύπτου σώσας τὸ δεύτερον τοὺς μὴ πιστεύσαντας ἀπώλεσεν, τε ἀγγέλους τοὺς μὴ τηρήσαντας τὴν ἑαυτῶν ἀρχὴν ἀλλὰ ἀπολιπόντας τὸ ἴδιον οἰκητήριον εἰς κρίσιν μεγάλης ἡμέρας δεσμοῖς ἀϊδίοις ὑπὸ ζόφον τετήρηκεν· ὡς Σόδομα καὶ Γόμορρα καὶ αἱ περὶ αὐτὰς πόλεις, τὸν ὅμοιον τρόπον τούτοις ἐκπορνεύσασαι καὶ ἀπελθοῦσαι ὀπίσω σαρκὸς ἑτέρας, πρόκεινται δεῖγμα πυρὸς αἰωνίου δίκην ὑπέχουσαι. 
Jude 1:6	400619	ἑαυτῶν 		δὲ βούλομαι, εἰδότας ὑμᾶς ἅπαξ πάντα, Ὑπομνῆσαι ὑμᾶς ὅτι Ἰησοῦς λαὸν ἐκ γῆς Αἰγύπτου σώσας τὸ δεύτερον τοὺς μὴ πιστεύσαντας ἀπώλεσεν, τε ἀγγέλους τοὺς μὴ τηρήσαντας τὴν ἑαυτῶν ἀρχὴν ἀλλὰ ἀπολιπόντας τὸ ἴδιον οἰκητήριον εἰς κρίσιν μεγάλης ἡμέρας δεσμοῖς ἀϊδίοις ὑπὸ ζόφον τετήρηκεν· ὡς Σόδομα καὶ Γόμορρα καὶ αἱ περὶ αὐτὰς πόλεις, τὸν ὅμοιον τρόπον τούτοις ἐκπορνεύσασαι καὶ ἀπελθοῦσαι ὀπίσω σαρκὸς ἑτέρας, πρόκεινται δεῖγμα πυρὸς αἰωνίου δίκην ὑπέχουσαι. 
Jude 1:6	400620	ἀρχὴν 		δὲ βούλομαι, εἰδότας ὑμᾶς ἅπαξ πάντα, Ὑπομνῆσαι ὑμᾶς ὅτι Ἰησοῦς λαὸν ἐκ γῆς Αἰγύπτου σώσας τὸ δεύτερον τοὺς μὴ πιστεύσαντας ἀπώλεσεν, τε ἀγγέλους τοὺς μὴ τηρήσαντας τὴν ἑαυτῶν ἀρχὴν ἀλλὰ ἀπολιπόντας τὸ ἴδιον οἰκητήριον εἰς κρίσιν μεγάλης ἡμέρας δεσμοῖς ἀϊδίοις ὑπὸ ζόφον τετήρηκεν· ὡς Σόδομα καὶ Γόμορρα καὶ αἱ περὶ αὐτὰς πόλεις, τὸν ὅμοιον τρόπον τούτοις ἐκπορνεύσασαι καὶ ἀπελθοῦσαι ὀπίσω σαρκὸς ἑτέρας, πρόκεινται δεῖγμα πυρὸς αἰωνίου δίκην ὑπέχουσαι. 
Jude 1:6	400622	τὸ ἴδιον οἰκητήριον 		δὲ βούλομαι, εἰδότας ὑμᾶς ἅπαξ πάντα, Ὑπομνῆσαι ὑμᾶς ὅτι Ἰησοῦς λαὸν ἐκ γῆς Αἰγύπτου σώσας τὸ δεύτερον τοὺς μὴ πιστεύσαντας ἀπώλεσεν, τε ἀγγέλους τοὺς μὴ τηρήσαντας τὴν ἑαυτῶν ἀρχὴν ἀλλὰ ἀπολιπόντας τὸ ἴδιον οἰκητήριον εἰς κρίσιν μεγάλης ἡμέρας δεσμοῖς ἀϊδίοις ὑπὸ ζόφον τετήρηκεν· ὡς Σόδομα καὶ Γόμορρα καὶ αἱ περὶ αὐτὰς πόλεις, τὸν ὅμοιον τρόπον τούτοις ἐκπορνεύσασαι καὶ ἀπελθοῦσαι ὀπίσω σαρκὸς ἑτέρας, πρόκεινται δεῖγμα πυρὸς αἰωνίου δίκην ὑπέχουσαι. 
Jude 1:6	400623	ἴδιον οἰκητήριον 		δὲ βούλομαι, εἰδότας ὑμᾶς ἅπαξ πάντα, Ὑπομνῆσαι ὑμᾶς ὅτι Ἰησοῦς λαὸν ἐκ γῆς Αἰγύπτου σώσας τὸ δεύτερον τοὺς μὴ πιστεύσαντας ἀπώλεσεν, τε ἀγγέλους τοὺς μὴ τηρήσαντας τὴν ἑαυτῶν ἀρχὴν ἀλλὰ ἀπολιπόντας τὸ ἴδιον οἰκητήριον εἰς κρίσιν μεγάλης ἡμέρας δεσμοῖς ἀϊδίοις ὑπὸ ζόφον τετήρηκεν· ὡς Σόδομα καὶ Γόμορρα καὶ αἱ περὶ αὐτὰς πόλεις, τὸν ὅμοιον τρόπον τούτοις ἐκπορνεύσασαι καὶ ἀπελθοῦσαι ὀπίσω σαρκὸς ἑτέρας, πρόκεινται δεῖγμα πυρὸς αἰωνίου δίκην ὑπέχουσαι. 
Jude 1:6	400625	οἰκητήριον 		δὲ βούλομαι, εἰδότας ὑμᾶς ἅπαξ πάντα, Ὑπομνῆσαι ὑμᾶς ὅτι Ἰησοῦς λαὸν ἐκ γῆς Αἰγύπτου σώσας τὸ δεύτερον τοὺς μὴ πιστεύσαντας ἀπώλεσεν, τε ἀγγέλους τοὺς μὴ τηρήσαντας τὴν ἑαυτῶν ἀρχὴν ἀλλὰ ἀπολιπόντας τὸ ἴδιον οἰκητήριον εἰς κρίσιν μεγάλης ἡμέρας δεσμοῖς ἀϊδίοις ὑπὸ ζόφον τετήρηκεν· ὡς Σόδομα καὶ Γόμορρα καὶ αἱ περὶ αὐτὰς πόλεις, τὸν ὅμοιον τρόπον τούτοις ἐκπορνεύσασαι καὶ ἀπελθοῦσαι ὀπίσω σαρκὸς ἑτέρας, πρόκεινται δεῖγμα πυρὸς αἰωνίου δίκην ὑπέχουσαι. 
Jude 1:6	400627	κρίσιν μεγάλης ἡμέρας 		δὲ βούλομαι, εἰδότας ὑμᾶς ἅπαξ πάντα, Ὑπομνῆσαι ὑμᾶς ὅτι Ἰησοῦς λαὸν ἐκ γῆς Αἰγύπτου σώσας τὸ δεύτερον τοὺς μὴ πιστεύσαντας ἀπώλεσεν, τε ἀγγέλους τοὺς μὴ τηρήσαντας τὴν ἑαυτῶν ἀρχὴν ἀλλὰ ἀπολιπόντας τὸ ἴδιον οἰκητήριον εἰς κρίσιν μεγάλης ἡμέρας δεσμοῖς ἀϊδίοις ὑπὸ ζόφον τετήρηκεν· ὡς Σόδομα καὶ Γόμορρα καὶ αἱ περὶ αὐτὰς πόλεις, τὸν ὅμοιον τρόπον τούτοις ἐκπορνεύσασαι καὶ ἀπελθοῦσαι ὀπίσω σαρκὸς ἑτέρας, πρόκεινται δεῖγμα πυρὸς αἰωνίου δίκην ὑπέχουσαι. 
Jude 1:6	400628	κρίσιν 		δὲ βούλομαι, εἰδότας ὑμᾶς ἅπαξ πάντα, Ὑπομνῆσαι ὑμᾶς ὅτι Ἰησοῦς λαὸν ἐκ γῆς Αἰγύπτου σώσας τὸ δεύτερον τοὺς μὴ πιστεύσαντας ἀπώλεσεν, τε ἀγγέλους τοὺς μὴ τηρήσαντας τὴν ἑαυτῶν ἀρχὴν ἀλλὰ ἀπολιπόντας τὸ ἴδιον οἰκητήριον εἰς κρίσιν μεγάλης ἡμέρας δεσμοῖς ἀϊδίοις ὑπὸ ζόφον τετήρηκεν· ὡς Σόδομα καὶ Γόμορρα καὶ αἱ περὶ αὐτὰς πόλεις, τὸν ὅμοιον τρόπον τούτοις ἐκπορνεύσασαι καὶ ἀπελθοῦσαι ὀπίσω σαρκὸς ἑτέρας, πρόκεινται δεῖγμα πυρὸς αἰωνίου δίκην ὑπέχουσαι. 
Jude 1:6	400629	μεγάλης ἡμέρας 		δὲ βούλομαι, εἰδότας ὑμᾶς ἅπαξ πάντα, Ὑπομνῆσαι ὑμᾶς ὅτι Ἰησοῦς λαὸν ἐκ γῆς Αἰγύπτου σώσας τὸ δεύτερον τοὺς μὴ πιστεύσαντας ἀπώλεσεν, τε ἀγγέλους τοὺς μὴ τηρήσαντας τὴν ἑαυτῶν ἀρχὴν ἀλλὰ ἀπολιπόντας τὸ ἴδιον οἰκητήριον εἰς κρίσιν μεγάλης ἡμέρας δεσμοῖς ἀϊδίοις ὑπὸ ζόφον τετήρηκεν· ὡς Σόδομα καὶ Γόμορρα καὶ αἱ περὶ αὐτὰς πόλεις, τὸν ὅμοιον τρόπον τούτοις ἐκπορνεύσασαι καὶ ἀπελθοῦσαι ὀπίσω σαρκὸς ἑτέρας, πρόκεινται δεῖγμα πυρὸς αἰωνίου δίκην ὑπέχουσαι. 
Jude 1:6	400631	ἡμέρας 		δὲ βούλομαι, εἰδότας ὑμᾶς ἅπαξ πάντα, Ὑπομνῆσαι ὑμᾶς ὅτι Ἰησοῦς λαὸν ἐκ γῆς Αἰγύπτου σώσας τὸ δεύτερον τοὺς μὴ πιστεύσαντας ἀπώλεσεν, τε ἀγγέλους τοὺς μὴ τηρήσαντας τὴν ἑαυτῶν ἀρχὴν ἀλλὰ ἀπολιπόντας τὸ ἴδιον οἰκητήριον εἰς κρίσιν μεγάλης ἡμέρας δεσμοῖς ἀϊδίοις ὑπὸ ζόφον τετήρηκεν· ὡς Σόδομα καὶ Γόμορρα καὶ αἱ περὶ αὐτὰς πόλεις, τὸν ὅμοιον τρόπον τούτοις ἐκπορνεύσασαι καὶ ἀπελθοῦσαι ὀπίσω σαρκὸς ἑτέρας, πρόκεινται δεῖγμα πυρὸς αἰωνίου δίκην ὑπέχουσαι. 
Jude 1:6	400632	δεσμοῖς ἀϊδίοις 		δὲ βούλομαι, εἰδότας ὑμᾶς ἅπαξ πάντα, Ὑπομνῆσαι ὑμᾶς ὅτι Ἰησοῦς λαὸν ἐκ γῆς Αἰγύπτου σώσας τὸ δεύτερον τοὺς μὴ πιστεύσαντας ἀπώλεσεν, τε ἀγγέλους τοὺς μὴ τηρήσαντας τὴν ἑαυτῶν ἀρχὴν ἀλλὰ ἀπολιπόντας τὸ ἴδιον οἰκητήριον εἰς κρίσιν μεγάλης ἡμέρας δεσμοῖς ἀϊδίοις ὑπὸ ζόφον τετήρηκεν· ὡς Σόδομα καὶ Γόμορρα καὶ αἱ περὶ αὐτὰς πόλεις, τὸν ὅμοιον τρόπον τούτοις ἐκπορνεύσασαι καὶ ἀπελθοῦσαι ὀπίσω σαρκὸς ἑτέρας, πρόκεινται δεῖγμα πυρὸς αἰωνίου δίκην ὑπέχουσαι. 
Jude 1:6	400633	δεσμοῖς 		δὲ βούλομαι, εἰδότας ὑμᾶς ἅπαξ πάντα, Ὑπομνῆσαι ὑμᾶς ὅτι Ἰησοῦς λαὸν ἐκ γῆς Αἰγύπτου σώσας τὸ δεύτερον τοὺς μὴ πιστεύσαντας ἀπώλεσεν, τε ἀγγέλους τοὺς μὴ τηρήσαντας τὴν ἑαυτῶν ἀρχὴν ἀλλὰ ἀπολιπόντας τὸ ἴδιον οἰκητήριον εἰς κρίσιν μεγάλης ἡμέρας δεσμοῖς ἀϊδίοις ὑπὸ ζόφον τετήρηκεν· ὡς Σόδομα καὶ Γόμορρα καὶ αἱ περὶ αὐτὰς πόλεις, τὸν ὅμοιον τρόπον τούτοις ἐκπορνεύσασαι καὶ ἀπελθοῦσαι ὀπίσω σαρκὸς ἑτέρας, πρόκεινται δεῖγμα πυρὸς αἰωνίου δίκην ὑπέχουσαι. 
Jude 1:6	400636	ζόφον 		δὲ βούλομαι, εἰδότας ὑμᾶς ἅπαξ πάντα, Ὑπομνῆσαι ὑμᾶς ὅτι Ἰησοῦς λαὸν ἐκ γῆς Αἰγύπτου σώσας τὸ δεύτερον τοὺς μὴ πιστεύσαντας ἀπώλεσεν, τε ἀγγέλους τοὺς μὴ τηρήσαντας τὴν ἑαυτῶν ἀρχὴν ἀλλὰ ἀπολιπόντας τὸ ἴδιον οἰκητήριον εἰς κρίσιν μεγάλης ἡμέρας δεσμοῖς ἀϊδίοις ὑπὸ ζόφον τετήρηκεν· ὡς Σόδομα καὶ Γόμορρα καὶ αἱ περὶ αὐτὰς πόλεις, τὸν ὅμοιον τρόπον τούτοις ἐκπορνεύσασαι καὶ ἀπελθοῦσαι ὀπίσω σαρκὸς ἑτέρας, πρόκεινται δεῖγμα πυρὸς αἰωνίου δίκην ὑπέχουσαι. 
Jude 1:7	400638	Σόδομα καὶ Γόμορρα καὶ αἱ περὶ αὐτὰς πόλεις, 		δὲ βούλομαι, εἰδότας ὑμᾶς ἅπαξ πάντα, Ὑπομνῆσαι ὑμᾶς ὅτι Ἰησοῦς λαὸν ἐκ γῆς Αἰγύπτου σώσας τὸ δεύτερον τοὺς μὴ πιστεύσαντας ἀπώλεσεν, τε ἀγγέλους τοὺς μὴ τηρήσαντας τὴν ἑαυτῶν ἀρχὴν ἀλλὰ ἀπολιπόντας τὸ ἴδιον οἰκητήριον εἰς κρίσιν μεγάλης ἡμέρας δεσμοῖς ἀϊδίοις ὑπὸ ζόφον τετήρηκεν· ὡς Σόδομα καὶ Γόμορρα καὶ αἱ περὶ αὐτὰς πόλεις, τὸν ὅμοιον τρόπον τούτοις ἐκπορνεύσασαι καὶ ἀπελθοῦσαι ὀπίσω σαρκὸς ἑτέρας, πρόκεινται δεῖγμα πυρὸς αἰωνίου δίκην ὑπέχουσαι. 
Jude 1:7	400639	Σόδομα 		δὲ βούλομαι, εἰδότας ὑμᾶς ἅπαξ πάντα, Ὑπομνῆσαι ὑμᾶς ὅτι Ἰησοῦς λαὸν ἐκ γῆς Αἰγύπτου σώσας τὸ δεύτερον τοὺς μὴ πιστεύσαντας ἀπώλεσεν, τε ἀγγέλους τοὺς μὴ τηρήσαντας τὴν ἑαυτῶν ἀρχὴν ἀλλὰ ἀπολιπόντας τὸ ἴδιον οἰκητήριον εἰς κρίσιν μεγάλης ἡμέρας δεσμοῖς ἀϊδίοις ὑπὸ ζόφον τετήρηκεν· ὡς Σόδομα καὶ Γόμορρα καὶ αἱ περὶ αὐτὰς πόλεις, τὸν ὅμοιον τρόπον τούτοις ἐκπορνεύσασαι καὶ ἀπελθοῦσαι ὀπίσω σαρκὸς ἑτέρας, πρόκεινται δεῖγμα πυρὸς αἰωνίου δίκην ὑπέχουσαι. 
Jude 1:7	400640	Γόμορρα 		δὲ βούλομαι, εἰδότας ὑμᾶς ἅπαξ πάντα, Ὑπομνῆσαι ὑμᾶς ὅτι Ἰησοῦς λαὸν ἐκ γῆς Αἰγύπτου σώσας τὸ δεύτερον τοὺς μὴ πιστεύσαντας ἀπώλεσεν, τε ἀγγέλους τοὺς μὴ τηρήσαντας τὴν ἑαυτῶν ἀρχὴν ἀλλὰ ἀπολιπόντας τὸ ἴδιον οἰκητήριον εἰς κρίσιν μεγάλης ἡμέρας δεσμοῖς ἀϊδίοις ὑπὸ ζόφον τετήρηκεν· ὡς Σόδομα καὶ Γόμορρα καὶ αἱ περὶ αὐτὰς πόλεις, τὸν ὅμοιον τρόπον τούτοις ἐκπορνεύσασαι καὶ ἀπελθοῦσαι ὀπίσω σαρκὸς ἑτέρας, πρόκεινται δεῖγμα πυρὸς αἰωνίου δίκην ὑπέχουσαι. 
Jude 1:7	400641	αἱ περὶ αὐτὰς πόλεις, 		δὲ βούλομαι, εἰδότας ὑμᾶς ἅπαξ πάντα, Ὑπομνῆσαι ὑμᾶς ὅτι Ἰησοῦς λαὸν ἐκ γῆς Αἰγύπτου σώσας τὸ δεύτερον τοὺς μὴ πιστεύσαντας ἀπώλεσεν, τε ἀγγέλους τοὺς μὴ τηρήσαντας τὴν ἑαυτῶν ἀρχὴν ἀλλὰ ἀπολιπόντας τὸ ἴδιον οἰκητήριον εἰς κρίσιν μεγάλης ἡμέρας δεσμοῖς ἀϊδίοις ὑπὸ ζόφον τετήρηκεν· ὡς Σόδομα καὶ Γόμορρα καὶ αἱ περὶ αὐτὰς πόλεις, τὸν ὅμοιον τρόπον τούτοις ἐκπορνεύσασαι καὶ ἀπελθοῦσαι ὀπίσω σαρκὸς ἑτέρας, πρόκεινται δεῖγμα πυρὸς αἰωνίου δίκην ὑπέχουσαι. 
Jude 1:7	400642	περὶ αὐτὰς πόλεις, 		δὲ βούλομαι, εἰδότας ὑμᾶς ἅπαξ πάντα, Ὑπομνῆσαι ὑμᾶς ὅτι Ἰησοῦς λαὸν ἐκ γῆς Αἰγύπτου σώσας τὸ δεύτερον τοὺς μὴ πιστεύσαντας ἀπώλεσεν, τε ἀγγέλους τοὺς μὴ τηρήσαντας τὴν ἑαυτῶν ἀρχὴν ἀλλὰ ἀπολιπόντας τὸ ἴδιον οἰκητήριον εἰς κρίσιν μεγάλης ἡμέρας δεσμοῖς ἀϊδίοις ὑπὸ ζόφον τετήρηκεν· ὡς Σόδομα καὶ Γόμορρα καὶ αἱ περὶ αὐτὰς πόλεις, τὸν ὅμοιον τρόπον τούτοις ἐκπορνεύσασαι καὶ ἀπελθοῦσαι ὀπίσω σαρκὸς ἑτέρας, πρόκεινται δεῖγμα πυρὸς αἰωνίου δίκην ὑπέχουσαι. 
Jude 1:7	400644	αὐτὰς 		δὲ βούλομαι, εἰδότας ὑμᾶς ἅπαξ πάντα, Ὑπομνῆσαι ὑμᾶς ὅτι Ἰησοῦς λαὸν ἐκ γῆς Αἰγύπτου σώσας τὸ δεύτερον τοὺς μὴ πιστεύσαντας ἀπώλεσεν, τε ἀγγέλους τοὺς μὴ τηρήσαντας τὴν ἑαυτῶν ἀρχὴν ἀλλὰ ἀπολιπόντας τὸ ἴδιον οἰκητήριον εἰς κρίσιν μεγάλης ἡμέρας δεσμοῖς ἀϊδίοις ὑπὸ ζόφον τετήρηκεν· ὡς Σόδομα καὶ Γόμορρα καὶ αἱ περὶ αὐτὰς πόλεις, τὸν ὅμοιον τρόπον τούτοις ἐκπορνεύσασαι καὶ ἀπελθοῦσαι ὀπίσω σαρκὸς ἑτέρας, πρόκεινται δεῖγμα πυρὸς αἰωνίου δίκην ὑπέχουσαι. 
Jude 1:7	400645	πόλεις, 		δὲ βούλομαι, εἰδότας ὑμᾶς ἅπαξ πάντα, Ὑπομνῆσαι ὑμᾶς ὅτι Ἰησοῦς λαὸν ἐκ γῆς Αἰγύπτου σώσας τὸ δεύτερον τοὺς μὴ πιστεύσαντας ἀπώλεσεν, τε ἀγγέλους τοὺς μὴ τηρήσαντας τὴν ἑαυτῶν ἀρχὴν ἀλλὰ ἀπολιπόντας τὸ ἴδιον οἰκητήριον εἰς κρίσιν μεγάλης ἡμέρας δεσμοῖς ἀϊδίοις ὑπὸ ζόφον τετήρηκεν· ὡς Σόδομα καὶ Γόμορρα καὶ αἱ περὶ αὐτὰς πόλεις, τὸν ὅμοιον τρόπον τούτοις ἐκπορνεύσασαι καὶ ἀπελθοῦσαι ὀπίσω σαρκὸς ἑτέρας, πρόκεινται δεῖγμα πυρὸς αἰωνίου δίκην ὑπέχουσαι. 
Jude 1:7	400646	τὸν ὅμοιον τρόπον 		δὲ βούλομαι, εἰδότας ὑμᾶς ἅπαξ πάντα, Ὑπομνῆσαι ὑμᾶς ὅτι Ἰησοῦς λαὸν ἐκ γῆς Αἰγύπτου σώσας τὸ δεύτερον τοὺς μὴ πιστεύσαντας ἀπώλεσεν, τε ἀγγέλους τοὺς μὴ τηρήσαντας τὴν ἑαυτῶν ἀρχὴν ἀλλὰ ἀπολιπόντας τὸ ἴδιον οἰκητήριον εἰς κρίσιν μεγάλης ἡμέρας δεσμοῖς ἀϊδίοις ὑπὸ ζόφον τετήρηκεν· ὡς Σόδομα καὶ Γόμορρα καὶ αἱ περὶ αὐτὰς πόλεις, τὸν ὅμοιον τρόπον τούτοις ἐκπορνεύσασαι καὶ ἀπελθοῦσαι ὀπίσω σαρκὸς ἑτέρας, πρόκεινται δεῖγμα πυρὸς αἰωνίου δίκην ὑπέχουσαι. 
Jude 1:7	400647	ὅμοιον τρόπον 		δὲ βούλομαι, εἰδότας ὑμᾶς ἅπαξ πάντα, Ὑπομνῆσαι ὑμᾶς ὅτι Ἰησοῦς λαὸν ἐκ γῆς Αἰγύπτου σώσας τὸ δεύτερον τοὺς μὴ πιστεύσαντας ἀπώλεσεν, τε ἀγγέλους τοὺς μὴ τηρήσαντας τὴν ἑαυτῶν ἀρχὴν ἀλλὰ ἀπολιπόντας τὸ ἴδιον οἰκητήριον εἰς κρίσιν μεγάλης ἡμέρας δεσμοῖς ἀϊδίοις ὑπὸ ζόφον τετήρηκεν· ὡς Σόδομα καὶ Γόμορρα καὶ αἱ περὶ αὐτὰς πόλεις, τὸν ὅμοιον τρόπον τούτοις ἐκπορνεύσασαι καὶ ἀπελθοῦσαι ὀπίσω σαρκὸς ἑτέρας, πρόκεινται δεῖγμα πυρὸς αἰωνίου δίκην ὑπέχουσαι. 
Jude 1:7	400649	τρόπον 		δὲ βούλομαι, εἰδότας ὑμᾶς ἅπαξ πάντα, Ὑπομνῆσαι ὑμᾶς ὅτι Ἰησοῦς λαὸν ἐκ γῆς Αἰγύπτου σώσας τὸ δεύτερον τοὺς μὴ πιστεύσαντας ἀπώλεσεν, τε ἀγγέλους τοὺς μὴ τηρήσαντας τὴν ἑαυτῶν ἀρχὴν ἀλλὰ ἀπολιπόντας τὸ ἴδιον οἰκητήριον εἰς κρίσιν μεγάλης ἡμέρας δεσμοῖς ἀϊδίοις ὑπὸ ζόφον τετήρηκεν· ὡς Σόδομα καὶ Γόμορρα καὶ αἱ περὶ αὐτὰς πόλεις, τὸν ὅμοιον τρόπον τούτοις ἐκπορνεύσασαι καὶ ἀπελθοῦσαι ὀπίσω σαρκὸς ἑτέρας, πρόκεινται δεῖγμα πυρὸς αἰωνίου δίκην ὑπέχουσαι. 
Jude 1:7	400650	τούτοις 		δὲ βούλομαι, εἰδότας ὑμᾶς ἅπαξ πάντα, Ὑπομνῆσαι ὑμᾶς ὅτι Ἰησοῦς λαὸν ἐκ γῆς Αἰγύπτου σώσας τὸ δεύτερον τοὺς μὴ πιστεύσαντας ἀπώλεσεν, τε ἀγγέλους τοὺς μὴ τηρήσαντας τὴν ἑαυτῶν ἀρχὴν ἀλλὰ ἀπολιπόντας τὸ ἴδιον οἰκητήριον εἰς κρίσιν μεγάλης ἡμέρας δεσμοῖς ἀϊδίοις ὑπὸ ζόφον τετήρηκεν· ὡς Σόδομα καὶ Γόμορρα καὶ αἱ περὶ αὐτὰς πόλεις, τὸν ὅμοιον τρόπον τούτοις ἐκπορνεύσασαι καὶ ἀπελθοῦσαι ὀπίσω σαρκὸς ἑτέρας, πρόκεινται δεῖγμα πυρὸς αἰωνίου δίκην ὑπέχουσαι. 
Jude 1:7	400654	σαρκὸς ἑτέρας, 		δὲ βούλομαι, εἰδότας ὑμᾶς ἅπαξ πάντα, Ὑπομνῆσαι ὑμᾶς ὅτι Ἰησοῦς λαὸν ἐκ γῆς Αἰγύπτου σώσας τὸ δεύτερον τοὺς μὴ πιστεύσαντας ἀπώλεσεν, τε ἀγγέλους τοὺς μὴ τηρήσαντας τὴν ἑαυτῶν ἀρχὴν ἀλλὰ ἀπολιπόντας τὸ ἴδιον οἰκητήριον εἰς κρίσιν μεγάλης ἡμέρας δεσμοῖς ἀϊδίοις ὑπὸ ζόφον τετήρηκεν· ὡς Σόδομα καὶ Γόμορρα καὶ αἱ περὶ αὐτὰς πόλεις, τὸν ὅμοιον τρόπον τούτοις ἐκπορνεύσασαι καὶ ἀπελθοῦσαι ὀπίσω σαρκὸς ἑτέρας, πρόκεινται δεῖγμα πυρὸς αἰωνίου δίκην ὑπέχουσαι. 
Jude 1:7	400655	σαρκὸς 		δὲ βούλομαι, εἰδότας ὑμᾶς ἅπαξ πάντα, Ὑπομνῆσαι ὑμᾶς ὅτι Ἰησοῦς λαὸν ἐκ γῆς Αἰγύπτου σώσας τὸ δεύτερον τοὺς μὴ πιστεύσαντας ἀπώλεσεν, τε ἀγγέλους τοὺς μὴ τηρήσαντας τὴν ἑαυτῶν ἀρχὴν ἀλλὰ ἀπολιπόντας τὸ ἴδιον οἰκητήριον εἰς κρίσιν μεγάλης ἡμέρας δεσμοῖς ἀϊδίοις ὑπὸ ζόφον τετήρηκεν· ὡς Σόδομα καὶ Γόμορρα καὶ αἱ περὶ αὐτὰς πόλεις, τὸν ὅμοιον τρόπον τούτοις ἐκπορνεύσασαι καὶ ἀπελθοῦσαι ὀπίσω σαρκὸς ἑτέρας, πρόκεινται δεῖγμα πυρὸς αἰωνίου δίκην ὑπέχουσαι. 
Jude 1:7	400658	δεῖγμα 		δὲ βούλομαι, εἰδότας ὑμᾶς ἅπαξ πάντα, Ὑπομνῆσαι ὑμᾶς ὅτι Ἰησοῦς λαὸν ἐκ γῆς Αἰγύπτου σώσας τὸ δεύτερον τοὺς μὴ πιστεύσαντας ἀπώλεσεν, τε ἀγγέλους τοὺς μὴ τηρήσαντας τὴν ἑαυτῶν ἀρχὴν ἀλλὰ ἀπολιπόντας τὸ ἴδιον οἰκητήριον εἰς κρίσιν μεγάλης ἡμέρας δεσμοῖς ἀϊδίοις ὑπὸ ζόφον τετήρηκεν· ὡς Σόδομα καὶ Γόμορρα καὶ αἱ περὶ αὐτὰς πόλεις, τὸν ὅμοιον τρόπον τούτοις ἐκπορνεύσασαι καὶ ἀπελθοῦσαι ὀπίσω σαρκὸς ἑτέρας, πρόκεινται δεῖγμα πυρὸς αἰωνίου δίκην ὑπέχουσαι. 
Jude 1:7	400659	πυρὸς αἰωνίου δίκην 		δὲ βούλομαι, εἰδότας ὑμᾶς ἅπαξ πάντα, Ὑπομνῆσαι ὑμᾶς ὅτι Ἰησοῦς λαὸν ἐκ γῆς Αἰγύπτου σώσας τὸ δεύτερον τοὺς μὴ πιστεύσαντας ἀπώλεσεν, τε ἀγγέλους τοὺς μὴ τηρήσαντας τὴν ἑαυτῶν ἀρχὴν ἀλλὰ ἀπολιπόντας τὸ ἴδιον οἰκητήριον εἰς κρίσιν μεγάλης ἡμέρας δεσμοῖς ἀϊδίοις ὑπὸ ζόφον τετήρηκεν· ὡς Σόδομα καὶ Γόμορρα καὶ αἱ περὶ αὐτὰς πόλεις, τὸν ὅμοιον τρόπον τούτοις ἐκπορνεύσασαι καὶ ἀπελθοῦσαι ὀπίσω σαρκὸς ἑτέρας, πρόκεινται δεῖγμα πυρὸς αἰωνίου δίκην ὑπέχουσαι. 
Jude 1:7	400660	πυρὸς αἰωνίου 		δὲ βούλομαι, εἰδότας ὑμᾶς ἅπαξ πάντα, Ὑπομνῆσαι ὑμᾶς ὅτι Ἰησοῦς λαὸν ἐκ γῆς Αἰγύπτου σώσας τὸ δεύτερον τοὺς μὴ πιστεύσαντας ἀπώλεσεν, τε ἀγγέλους τοὺς μὴ τηρήσαντας τὴν ἑαυτῶν ἀρχὴν ἀλλὰ ἀπολιπόντας τὸ ἴδιον οἰκητήριον εἰς κρίσιν μεγάλης ἡμέρας δεσμοῖς ἀϊδίοις ὑπὸ ζόφον τετήρηκεν· ὡς Σόδομα καὶ Γόμορρα καὶ αἱ περὶ αὐτὰς πόλεις, τὸν ὅμοιον τρόπον τούτοις ἐκπορνεύσασαι καὶ ἀπελθοῦσαι ὀπίσω σαρκὸς ἑτέρας, πρόκεινται δεῖγμα πυρὸς αἰωνίου δίκην ὑπέχουσαι. 
Jude 1:7	400661	πυρὸς 		δὲ βούλομαι, εἰδότας ὑμᾶς ἅπαξ πάντα, Ὑπομνῆσαι ὑμᾶς ὅτι Ἰησοῦς λαὸν ἐκ γῆς Αἰγύπτου σώσας τὸ δεύτερον τοὺς μὴ πιστεύσαντας ἀπώλεσεν, τε ἀγγέλους τοὺς μὴ τηρήσαντας τὴν ἑαυτῶν ἀρχὴν ἀλλὰ ἀπολιπόντας τὸ ἴδιον οἰκητήριον εἰς κρίσιν μεγάλης ἡμέρας δεσμοῖς ἀϊδίοις ὑπὸ ζόφον τετήρηκεν· ὡς Σόδομα καὶ Γόμορρα καὶ αἱ περὶ αὐτὰς πόλεις, τὸν ὅμοιον τρόπον τούτοις ἐκπορνεύσασαι καὶ ἀπελθοῦσαι ὀπίσω σαρκὸς ἑτέρας, πρόκεινται δεῖγμα πυρὸς αἰωνίου δίκην ὑπέχουσαι. 
Jude 1:7	400663	δίκην 		δὲ βούλομαι, εἰδότας ὑμᾶς ἅπαξ πάντα, Ὑπομνῆσαι ὑμᾶς ὅτι Ἰησοῦς λαὸν ἐκ γῆς Αἰγύπτου σώσας τὸ δεύτερον τοὺς μὴ πιστεύσαντας ἀπώλεσεν, τε ἀγγέλους τοὺς μὴ τηρήσαντας τὴν ἑαυτῶν ἀρχὴν ἀλλὰ ἀπολιπόντας τὸ ἴδιον οἰκητήριον εἰς κρίσιν μεγάλης ἡμέρας δεσμοῖς ἀϊδίοις ὑπὸ ζόφον τετήρηκεν· ὡς Σόδομα καὶ Γόμορρα καὶ αἱ περὶ αὐτὰς πόλεις, τὸν ὅμοιον τρόπον τούτοις ἐκπορνεύσασαι καὶ ἀπελθοῦσαι ὀπίσω σαρκὸς ἑτέρας, πρόκεινται δεῖγμα πυρὸς αἰωνίου δίκην ὑπέχουσαι. 
Jude 1:8	400666	καὶ οὗτοι ἐνυπνιαζόμενοι 		μέντοι Ὁμοίως καὶ οὗτοι ἐνυπνιαζόμενοι μὲν σάρκα μιαίνουσιν, δὲ κυριότητα ἀθετοῦσιν, δὲ δόξας βλασφημοῦσιν. 
Jude 1:8	400668	οὗτοι ἐνυπνιαζόμενοι 		μέντοι Ὁμοίως καὶ οὗτοι ἐνυπνιαζόμενοι μὲν σάρκα μιαίνουσιν, δὲ κυριότητα ἀθετοῦσιν, δὲ δόξας βλασφημοῦσιν. 
Jude 1:8	400669	οὗτοι 		μέντοι Ὁμοίως καὶ οὗτοι ἐνυπνιαζόμενοι μὲν σάρκα μιαίνουσιν, δὲ κυριότητα ἀθετοῦσιν, δὲ δόξας βλασφημοῦσιν. 
Jude 1:8	400670	ἐνυπνιαζόμενοι 		μέντοι Ὁμοίως καὶ οὗτοι ἐνυπνιαζόμενοι μὲν σάρκα μιαίνουσιν, δὲ κυριότητα ἀθετοῦσιν, δὲ δόξας βλασφημοῦσιν. 
Jude 1:8	400673	σάρκα 		μέντοι Ὁμοίως καὶ οὗτοι ἐνυπνιαζόμενοι μὲν σάρκα μιαίνουσιν, δὲ κυριότητα ἀθετοῦσιν, δὲ δόξας βλασφημοῦσιν. 
Jude 1:8	400675	κυριότητα 		μέντοι Ὁμοίως καὶ οὗτοι ἐνυπνιαζόμενοι μὲν σάρκα μιαίνουσιν, δὲ κυριότητα ἀθετοῦσιν, δὲ δόξας βλασφημοῦσιν. 
Jude 1:8	400677	δόξας 		μέντοι Ὁμοίως καὶ οὗτοι ἐνυπνιαζόμενοι μὲν σάρκα μιαίνουσιν, δὲ κυριότητα ἀθετοῦσιν, δὲ δόξας βλασφημοῦσιν. 
Jude 1:9	400679	τῷ διαβόλῳ 		δὲ ὅτε τῷ διαβόλῳ διακρινόμενος διελέγετο περὶ τοῦ Μωϋσέως σώματος, οὐκ ὁ Μιχαὴλ ὁ ἀρχάγγελος, ἐτόλμησεν κρίσιν βλασφημίας, ἐπενεγκεῖν ἀλλὰ εἶπεν· Ἐπιτιμήσαι σοι κύριος. 
Jude 1:9	400684	τοῦ Μωϋσέως σώματος, 		δὲ ὅτε τῷ διαβόλῳ διακρινόμενος διελέγετο περὶ τοῦ Μωϋσέως σώματος, οὐκ ὁ Μιχαὴλ ὁ ἀρχάγγελος, ἐτόλμησεν κρίσιν βλασφημίας, ἐπενεγκεῖν ἀλλὰ εἶπεν· Ἐπιτιμήσαι σοι κύριος. 
Jude 1:9	400685	Μωϋσέως σώματος, 		δὲ ὅτε τῷ διαβόλῳ διακρινόμενος διελέγετο περὶ τοῦ Μωϋσέως σώματος, οὐκ ὁ Μιχαὴλ ὁ ἀρχάγγελος, ἐτόλμησεν κρίσιν βλασφημίας, ἐπενεγκεῖν ἀλλὰ εἶπεν· Ἐπιτιμήσαι σοι κύριος. 
Jude 1:9	400686	Μωϋσέως 		δὲ ὅτε τῷ διαβόλῳ διακρινόμενος διελέγετο περὶ τοῦ Μωϋσέως σώματος, οὐκ ὁ Μιχαὴλ ὁ ἀρχάγγελος, ἐτόλμησεν κρίσιν βλασφημίας, ἐπενεγκεῖν ἀλλὰ εἶπεν· Ἐπιτιμήσαι σοι κύριος. 
Jude 1:9	400687	σώματος, 		δὲ ὅτε τῷ διαβόλῳ διακρινόμενος διελέγετο περὶ τοῦ Μωϋσέως σώματος, οὐκ ὁ Μιχαὴλ ὁ ἀρχάγγελος, ἐτόλμησεν κρίσιν βλασφημίας, ἐπενεγκεῖν ἀλλὰ εἶπεν· Ἐπιτιμήσαι σοι κύριος. 
Jude 1:9	400689	ὁ Μιχαὴλ ὁ ἀρχάγγελος, 		δὲ ὅτε τῷ διαβόλῳ διακρινόμενος διελέγετο περὶ τοῦ Μωϋσέως σώματος, οὐκ ὁ Μιχαὴλ ὁ ἀρχάγγελος, ἐτόλμησεν κρίσιν βλασφημίας, ἐπενεγκεῖν ἀλλὰ εἶπεν· Ἐπιτιμήσαι σοι κύριος. 
Jude 1:9	400690	ὁ Μιχαὴλ 		δὲ ὅτε τῷ διαβόλῳ διακρινόμενος διελέγετο περὶ τοῦ Μωϋσέως σώματος, οὐκ ὁ Μιχαὴλ ὁ ἀρχάγγελος, ἐτόλμησεν κρίσιν βλασφημίας, ἐπενεγκεῖν ἀλλὰ εἶπεν· Ἐπιτιμήσαι σοι κύριος. 
Jude 1:9	400691	Μιχαὴλ 		δὲ ὅτε τῷ διαβόλῳ διακρινόμενος διελέγετο περὶ τοῦ Μωϋσέως σώματος, οὐκ ὁ Μιχαὴλ ὁ ἀρχάγγελος, ἐτόλμησεν κρίσιν βλασφημίας, ἐπενεγκεῖν ἀλλὰ εἶπεν· Ἐπιτιμήσαι σοι κύριος. 
Jude 1:9	400692	ὁ ἀρχάγγελος, 		δὲ ὅτε τῷ διαβόλῳ διακρινόμενος διελέγετο περὶ τοῦ Μωϋσέως σώματος, οὐκ ὁ Μιχαὴλ ὁ ἀρχάγγελος, ἐτόλμησεν κρίσιν βλασφημίας, ἐπενεγκεῖν ἀλλὰ εἶπεν· Ἐπιτιμήσαι σοι κύριος. 
Jude 1:9	400693	ἀρχάγγελος, 		δὲ ὅτε τῷ διαβόλῳ διακρινόμενος διελέγετο περὶ τοῦ Μωϋσέως σώματος, οὐκ ὁ Μιχαὴλ ὁ ἀρχάγγελος, ἐτόλμησεν κρίσιν βλασφημίας, ἐπενεγκεῖν ἀλλὰ εἶπεν· Ἐπιτιμήσαι σοι κύριος. 
Jude 1:9	400695	κρίσιν βλασφημίας, 		δὲ ὅτε τῷ διαβόλῳ διακρινόμενος διελέγετο περὶ τοῦ Μωϋσέως σώματος, οὐκ ὁ Μιχαὴλ ὁ ἀρχάγγελος, ἐτόλμησεν κρίσιν βλασφημίας, ἐπενεγκεῖν ἀλλὰ εἶπεν· Ἐπιτιμήσαι σοι κύριος. 
Jude 1:9	400696	κρίσιν 		δὲ ὅτε τῷ διαβόλῳ διακρινόμενος διελέγετο περὶ τοῦ Μωϋσέως σώματος, οὐκ ὁ Μιχαὴλ ὁ ἀρχάγγελος, ἐτόλμησεν κρίσιν βλασφημίας, ἐπενεγκεῖν ἀλλὰ εἶπεν· Ἐπιτιμήσαι σοι κύριος. 
Jude 1:9	400697	βλασφημίας, 		δὲ ὅτε τῷ διαβόλῳ διακρινόμενος διελέγετο περὶ τοῦ Μωϋσέως σώματος, οὐκ ὁ Μιχαὴλ ὁ ἀρχάγγελος, ἐτόλμησεν κρίσιν βλασφημίας, ἐπενεγκεῖν ἀλλὰ εἶπεν· Ἐπιτιμήσαι σοι κύριος. 
Jude 1:9	400701	σοι 		δὲ ὅτε τῷ διαβόλῳ διακρινόμενος διελέγετο περὶ τοῦ Μωϋσέως σώματος, οὐκ ὁ Μιχαὴλ ὁ ἀρχάγγελος, ἐτόλμησεν κρίσιν βλασφημίας, ἐπενεγκεῖν ἀλλὰ εἶπεν· Ἐπιτιμήσαι σοι κύριος. 
Jude 1:9	400702	κύριος. 		δὲ ὅτε τῷ διαβόλῳ διακρινόμενος διελέγετο περὶ τοῦ Μωϋσέως σώματος, οὐκ ὁ Μιχαὴλ ὁ ἀρχάγγελος, ἐτόλμησεν κρίσιν βλασφημίας, ἐπενεγκεῖν ἀλλὰ εἶπεν· Ἐπιτιμήσαι σοι κύριος. 
Jude 1:10	400703	οὗτοι 		δὲ μὲν οὗτοι ὅσα οὐκ οἴδασιν βλασφημοῦσιν, δὲ ὅσα φυσικῶς ὡς τὰ ἄλογα ζῷα ἐπίστανται, ἐν τούτοις φθείρονται. 
Jude 1:10	400704	ὅσα οὐκ οἴδασιν 		δὲ μὲν οὗτοι ὅσα οὐκ οἴδασιν βλασφημοῦσιν, δὲ ὅσα φυσικῶς ὡς τὰ ἄλογα ζῷα ἐπίστανται, ἐν τούτοις φθείρονται. 
Jude 1:10	400705	ὅσα 		δὲ μὲν οὗτοι ὅσα οὐκ οἴδασιν βλασφημοῦσιν, δὲ ὅσα φυσικῶς ὡς τὰ ἄλογα ζῷα ἐπίστανται, ἐν τούτοις φθείρονται. 
Jude 1:10	400709	ὅσα 		δὲ μὲν οὗτοι ὅσα οὐκ οἴδασιν βλασφημοῦσιν, δὲ ὅσα φυσικῶς ὡς τὰ ἄλογα ζῷα ἐπίστανται, ἐν τούτοις φθείρονται. 
Jude 1:10	400711	τὰ ἄλογα ζῷα 		δὲ μὲν οὗτοι ὅσα οὐκ οἴδασιν βλασφημοῦσιν, δὲ ὅσα φυσικῶς ὡς τὰ ἄλογα ζῷα ἐπίστανται, ἐν τούτοις φθείρονται. 
Jude 1:10	400712	ἄλογα ζῷα 		δὲ μὲν οὗτοι ὅσα οὐκ οἴδασιν βλασφημοῦσιν, δὲ ὅσα φυσικῶς ὡς τὰ ἄλογα ζῷα ἐπίστανται, ἐν τούτοις φθείρονται. 
Jude 1:10	400714	ζῷα 		δὲ μὲν οὗτοι ὅσα οὐκ οἴδασιν βλασφημοῦσιν, δὲ ὅσα φυσικῶς ὡς τὰ ἄλογα ζῷα ἐπίστανται, ἐν τούτοις φθείρονται. 
Jude 1:10	400717	τούτοις 		δὲ μὲν οὗτοι ὅσα οὐκ οἴδασιν βλασφημοῦσιν, δὲ ὅσα φυσικῶς ὡς τὰ ἄλογα ζῷα ἐπίστανται, ἐν τούτοις φθείρονται. 
Jude 1:11	400719	οὐαὶ 		οὐαὶ αὐτοῖς, ὅτι τῇ ὁδῷ τοῦ Κάϊν ἐπορεύθησαν, καὶ τῇ πλάνῃ τοῦ Βαλαὰμ μισθοῦ ἐξεχύθησαν, καὶ τῇ ἀντιλογίᾳ τοῦ Κόρε ἀπώλοντο. 
Jude 1:11	400720	αὐτοῖς, 		οὐαὶ αὐτοῖς, ὅτι τῇ ὁδῷ τοῦ Κάϊν ἐπορεύθησαν, καὶ τῇ πλάνῃ τοῦ Βαλαὰμ μισθοῦ ἐξεχύθησαν, καὶ τῇ ἀντιλογίᾳ τοῦ Κόρε ἀπώλοντο. 
Jude 1:11	400721	τῇ ὁδῷ τοῦ Κάϊν 		οὐαὶ αὐτοῖς, ὅτι τῇ ὁδῷ τοῦ Κάϊν ἐπορεύθησαν, καὶ τῇ πλάνῃ τοῦ Βαλαὰμ μισθοῦ ἐξεχύθησαν, καὶ τῇ ἀντιλογίᾳ τοῦ Κόρε ἀπώλοντο. 
Jude 1:11	400722	ὁδῷ τοῦ Κάϊν 		οὐαὶ αὐτοῖς, ὅτι τῇ ὁδῷ τοῦ Κάϊν ἐπορεύθησαν, καὶ τῇ πλάνῃ τοῦ Βαλαὰμ μισθοῦ ἐξεχύθησαν, καὶ τῇ ἀντιλογίᾳ τοῦ Κόρε ἀπώλοντο. 
Jude 1:11	400723	ὁδῷ 		οὐαὶ αὐτοῖς, ὅτι τῇ ὁδῷ τοῦ Κάϊν ἐπορεύθησαν, καὶ τῇ πλάνῃ τοῦ Βαλαὰμ μισθοῦ ἐξεχύθησαν, καὶ τῇ ἀντιλογίᾳ τοῦ Κόρε ἀπώλοντο. 
Jude 1:11	400724	τοῦ Κάϊν 		οὐαὶ αὐτοῖς, ὅτι τῇ ὁδῷ τοῦ Κάϊν ἐπορεύθησαν, καὶ τῇ πλάνῃ τοῦ Βαλαὰμ μισθοῦ ἐξεχύθησαν, καὶ τῇ ἀντιλογίᾳ τοῦ Κόρε ἀπώλοντο. 
Jude 1:11	400725	Κάϊν 		οὐαὶ αὐτοῖς, ὅτι τῇ ὁδῷ τοῦ Κάϊν ἐπορεύθησαν, καὶ τῇ πλάνῃ τοῦ Βαλαὰμ μισθοῦ ἐξεχύθησαν, καὶ τῇ ἀντιλογίᾳ τοῦ Κόρε ἀπώλοντο. 
Jude 1:11	400727	τῇ πλάνῃ τοῦ Βαλαὰμ μισθοῦ 		οὐαὶ αὐτοῖς, ὅτι τῇ ὁδῷ τοῦ Κάϊν ἐπορεύθησαν, καὶ τῇ πλάνῃ τοῦ Βαλαὰμ μισθοῦ ἐξεχύθησαν, καὶ τῇ ἀντιλογίᾳ τοῦ Κόρε ἀπώλοντο. 
Jude 1:11	400728	πλάνῃ τοῦ Βαλαὰμ μισθοῦ 		οὐαὶ αὐτοῖς, ὅτι τῇ ὁδῷ τοῦ Κάϊν ἐπορεύθησαν, καὶ τῇ πλάνῃ τοῦ Βαλαὰμ μισθοῦ ἐξεχύθησαν, καὶ τῇ ἀντιλογίᾳ τοῦ Κόρε ἀπώλοντο. 
Jude 1:11	400729	πλάνῃ 		οὐαὶ αὐτοῖς, ὅτι τῇ ὁδῷ τοῦ Κάϊν ἐπορεύθησαν, καὶ τῇ πλάνῃ τοῦ Βαλαὰμ μισθοῦ ἐξεχύθησαν, καὶ τῇ ἀντιλογίᾳ τοῦ Κόρε ἀπώλοντο. 
Jude 1:11	400730	τοῦ Βαλαὰμ μισθοῦ 		οὐαὶ αὐτοῖς, ὅτι τῇ ὁδῷ τοῦ Κάϊν ἐπορεύθησαν, καὶ τῇ πλάνῃ τοῦ Βαλαὰμ μισθοῦ ἐξεχύθησαν, καὶ τῇ ἀντιλογίᾳ τοῦ Κόρε ἀπώλοντο. 
Jude 1:11	400731	Βαλαὰμ μισθοῦ 		οὐαὶ αὐτοῖς, ὅτι τῇ ὁδῷ τοῦ Κάϊν ἐπορεύθησαν, καὶ τῇ πλάνῃ τοῦ Βαλαὰμ μισθοῦ ἐξεχύθησαν, καὶ τῇ ἀντιλογίᾳ τοῦ Κόρε ἀπώλοντο. 
Jude 1:11	400732	Βαλαὰμ 		οὐαὶ αὐτοῖς, ὅτι τῇ ὁδῷ τοῦ Κάϊν ἐπορεύθησαν, καὶ τῇ πλάνῃ τοῦ Βαλαὰμ μισθοῦ ἐξεχύθησαν, καὶ τῇ ἀντιλογίᾳ τοῦ Κόρε ἀπώλοντο. 
Jude 1:11	400733	μισθοῦ 		οὐαὶ αὐτοῖς, ὅτι τῇ ὁδῷ τοῦ Κάϊν ἐπορεύθησαν, καὶ τῇ πλάνῃ τοῦ Βαλαὰμ μισθοῦ ἐξεχύθησαν, καὶ τῇ ἀντιλογίᾳ τοῦ Κόρε ἀπώλοντο. 
Jude 1:11	400735	τῇ ἀντιλογίᾳ τοῦ Κόρε 		οὐαὶ αὐτοῖς, ὅτι τῇ ὁδῷ τοῦ Κάϊν ἐπορεύθησαν, καὶ τῇ πλάνῃ τοῦ Βαλαὰμ μισθοῦ ἐξεχύθησαν, καὶ τῇ ἀντιλογίᾳ τοῦ Κόρε ἀπώλοντο. 
Jude 1:11	400736	ἀντιλογίᾳ τοῦ Κόρε 		οὐαὶ αὐτοῖς, ὅτι τῇ ὁδῷ τοῦ Κάϊν ἐπορεύθησαν, καὶ τῇ πλάνῃ τοῦ Βαλαὰμ μισθοῦ ἐξεχύθησαν, καὶ τῇ ἀντιλογίᾳ τοῦ Κόρε ἀπώλοντο. 
Jude 1:11	400737	ἀντιλογίᾳ 		οὐαὶ αὐτοῖς, ὅτι τῇ ὁδῷ τοῦ Κάϊν ἐπορεύθησαν, καὶ τῇ πλάνῃ τοῦ Βαλαὰμ μισθοῦ ἐξεχύθησαν, καὶ τῇ ἀντιλογίᾳ τοῦ Κόρε ἀπώλοντο. 
Jude 1:11	400738	τοῦ Κόρε 		οὐαὶ αὐτοῖς, ὅτι τῇ ὁδῷ τοῦ Κάϊν ἐπορεύθησαν, καὶ τῇ πλάνῃ τοῦ Βαλαὰμ μισθοῦ ἐξεχύθησαν, καὶ τῇ ἀντιλογίᾳ τοῦ Κόρε ἀπώλοντο. 
Jude 1:11	400739	Κόρε 		οὐαὶ αὐτοῖς, ὅτι τῇ ὁδῷ τοῦ Κάϊν ἐπορεύθησαν, καὶ τῇ πλάνῃ τοῦ Βαλαὰμ μισθοῦ ἐξεχύθησαν, καὶ τῇ ἀντιλογίᾳ τοῦ Κόρε ἀπώλοντο. 
Jude 1:12	400741	οὗτοί 		οὗτοί εἰσιν οἱ ἐν ταῖς ἀγάπαις ὑμῶν σπιλάδες συνευωχούμενοι, ἀφόβως ἑαυτοὺς ποιμαίνοντες, νεφέλαι ἄνυδροι ὑπὸ ἀνέμων παραφερόμεναι, δένδρα φθινοπωρινὰ ἄκαρπα δὶς ἀποθανόντα ἐκριζωθέντα, κύματα ἄγρια θαλάσσης ἐπαφρίζοντα τὰς ἑαυτῶν αἰσχύνας, ἀστέρες πλανῆται οἷς ὁ ζόφος τοῦ σκότους εἰς αἰῶνα τετήρηται. 
Jude 1:12	400743	οἱ ἐν ταῖς ἀγάπαις ὑμῶν σπιλάδες 		οὗτοί εἰσιν οἱ ἐν ταῖς ἀγάπαις ὑμῶν σπιλάδες συνευωχούμενοι, ἀφόβως ἑαυτοὺς ποιμαίνοντες, νεφέλαι ἄνυδροι ὑπὸ ἀνέμων παραφερόμεναι, δένδρα φθινοπωρινὰ ἄκαρπα δὶς ἀποθανόντα ἐκριζωθέντα, κύματα ἄγρια θαλάσσης ἐπαφρίζοντα τὰς ἑαυτῶν αἰσχύνας, ἀστέρες πλανῆται οἷς ὁ ζόφος τοῦ σκότους εἰς αἰῶνα τετήρηται. 
Jude 1:12	400744	ἐν ταῖς ἀγάπαις ὑμῶν σπιλάδες 		οὗτοί εἰσιν οἱ ἐν ταῖς ἀγάπαις ὑμῶν σπιλάδες συνευωχούμενοι, ἀφόβως ἑαυτοὺς ποιμαίνοντες, νεφέλαι ἄνυδροι ὑπὸ ἀνέμων παραφερόμεναι, δένδρα φθινοπωρινὰ ἄκαρπα δὶς ἀποθανόντα ἐκριζωθέντα, κύματα ἄγρια θαλάσσης ἐπαφρίζοντα τὰς ἑαυτῶν αἰσχύνας, ἀστέρες πλανῆται οἷς ὁ ζόφος τοῦ σκότους εἰς αἰῶνα τετήρηται. 
Jude 1:12	400746	ταῖς ἀγάπαις ὑμῶν 		οὗτοί εἰσιν οἱ ἐν ταῖς ἀγάπαις ὑμῶν σπιλάδες συνευωχούμενοι, ἀφόβως ἑαυτοὺς ποιμαίνοντες, νεφέλαι ἄνυδροι ὑπὸ ἀνέμων παραφερόμεναι, δένδρα φθινοπωρινὰ ἄκαρπα δὶς ἀποθανόντα ἐκριζωθέντα, κύματα ἄγρια θαλάσσης ἐπαφρίζοντα τὰς ἑαυτῶν αἰσχύνας, ἀστέρες πλανῆται οἷς ὁ ζόφος τοῦ σκότους εἰς αἰῶνα τετήρηται. 
Jude 1:12	400747	ἀγάπαις ὑμῶν 		οὗτοί εἰσιν οἱ ἐν ταῖς ἀγάπαις ὑμῶν σπιλάδες συνευωχούμενοι, ἀφόβως ἑαυτοὺς ποιμαίνοντες, νεφέλαι ἄνυδροι ὑπὸ ἀνέμων παραφερόμεναι, δένδρα φθινοπωρινὰ ἄκαρπα δὶς ἀποθανόντα ἐκριζωθέντα, κύματα ἄγρια θαλάσσης ἐπαφρίζοντα τὰς ἑαυτῶν αἰσχύνας, ἀστέρες πλανῆται οἷς ὁ ζόφος τοῦ σκότους εἰς αἰῶνα τετήρηται. 
Jude 1:12	400748	ἀγάπαις 		οὗτοί εἰσιν οἱ ἐν ταῖς ἀγάπαις ὑμῶν σπιλάδες συνευωχούμενοι, ἀφόβως ἑαυτοὺς ποιμαίνοντες, νεφέλαι ἄνυδροι ὑπὸ ἀνέμων παραφερόμεναι, δένδρα φθινοπωρινὰ ἄκαρπα δὶς ἀποθανόντα ἐκριζωθέντα, κύματα ἄγρια θαλάσσης ἐπαφρίζοντα τὰς ἑαυτῶν αἰσχύνας, ἀστέρες πλανῆται οἷς ὁ ζόφος τοῦ σκότους εἰς αἰῶνα τετήρηται. 
Jude 1:12	400749	ὑμῶν 		οὗτοί εἰσιν οἱ ἐν ταῖς ἀγάπαις ὑμῶν σπιλάδες συνευωχούμενοι, ἀφόβως ἑαυτοὺς ποιμαίνοντες, νεφέλαι ἄνυδροι ὑπὸ ἀνέμων παραφερόμεναι, δένδρα φθινοπωρινὰ ἄκαρπα δὶς ἀποθανόντα ἐκριζωθέντα, κύματα ἄγρια θαλάσσης ἐπαφρίζοντα τὰς ἑαυτῶν αἰσχύνας, ἀστέρες πλανῆται οἷς ὁ ζόφος τοῦ σκότους εἰς αἰῶνα τετήρηται. 
Jude 1:12	400750	σπιλάδες 		οὗτοί εἰσιν οἱ ἐν ταῖς ἀγάπαις ὑμῶν σπιλάδες συνευωχούμενοι, ἀφόβως ἑαυτοὺς ποιμαίνοντες, νεφέλαι ἄνυδροι ὑπὸ ἀνέμων παραφερόμεναι, δένδρα φθινοπωρινὰ ἄκαρπα δὶς ἀποθανόντα ἐκριζωθέντα, κύματα ἄγρια θαλάσσης ἐπαφρίζοντα τὰς ἑαυτῶν αἰσχύνας, ἀστέρες πλανῆται οἷς ὁ ζόφος τοῦ σκότους εἰς αἰῶνα τετήρηται. 
Jude 1:12	400753	ἑαυτοὺς 		οὗτοί εἰσιν οἱ ἐν ταῖς ἀγάπαις ὑμῶν σπιλάδες συνευωχούμενοι, ἀφόβως ἑαυτοὺς ποιμαίνοντες, νεφέλαι ἄνυδροι ὑπὸ ἀνέμων παραφερόμεναι, δένδρα φθινοπωρινὰ ἄκαρπα δὶς ἀποθανόντα ἐκριζωθέντα, κύματα ἄγρια θαλάσσης ἐπαφρίζοντα τὰς ἑαυτῶν αἰσχύνας, ἀστέρες πλανῆται οἷς ὁ ζόφος τοῦ σκότους εἰς αἰῶνα τετήρηται. 
Jude 1:12	400755	νεφέλαι ἄνυδροι ὑπὸ ἀνέμων παραφερόμεναι, δένδρα φθινοπωρινὰ ἄκαρπα δὶς ἀποθανόντα ἐκριζωθέντα, κύματα ἄγρια θαλάσσης ἐπαφρίζοντα τὰς ἑαυτῶν αἰσχύνας, ἀστέρες πλανῆται οἷς ὁ ζόφος τοῦ σκότους εἰς αἰῶνα τετήρηται. 		οὗτοί εἰσιν οἱ ἐν ταῖς ἀγάπαις ὑμῶν σπιλάδες συνευωχούμενοι, ἀφόβως ἑαυτοὺς ποιμαίνοντες, νεφέλαι ἄνυδροι ὑπὸ ἀνέμων παραφερόμεναι, δένδρα φθινοπωρινὰ ἄκαρπα δὶς ἀποθανόντα ἐκριζωθέντα, κύματα ἄγρια θαλάσσης ἐπαφρίζοντα τὰς ἑαυτῶν αἰσχύνας, ἀστέρες πλανῆται οἷς ὁ ζόφος τοῦ σκότους εἰς αἰῶνα τετήρηται. 
Jude 1:12	400756	νεφέλαι ἄνυδροι ὑπὸ ἀνέμων παραφερόμεναι, 		οὗτοί εἰσιν οἱ ἐν ταῖς ἀγάπαις ὑμῶν σπιλάδες συνευωχούμενοι, ἀφόβως ἑαυτοὺς ποιμαίνοντες, νεφέλαι ἄνυδροι ὑπὸ ἀνέμων παραφερόμεναι, δένδρα φθινοπωρινὰ ἄκαρπα δὶς ἀποθανόντα ἐκριζωθέντα, κύματα ἄγρια θαλάσσης ἐπαφρίζοντα τὰς ἑαυτῶν αἰσχύνας, ἀστέρες πλανῆται οἷς ὁ ζόφος τοῦ σκότους εἰς αἰῶνα τετήρηται. 
Jude 1:12	400757	νεφέλαι ἄνυδροι 		οὗτοί εἰσιν οἱ ἐν ταῖς ἀγάπαις ὑμῶν σπιλάδες συνευωχούμενοι, ἀφόβως ἑαυτοὺς ποιμαίνοντες, νεφέλαι ἄνυδροι ὑπὸ ἀνέμων παραφερόμεναι, δένδρα φθινοπωρινὰ ἄκαρπα δὶς ἀποθανόντα ἐκριζωθέντα, κύματα ἄγρια θαλάσσης ἐπαφρίζοντα τὰς ἑαυτῶν αἰσχύνας, ἀστέρες πλανῆται οἷς ὁ ζόφος τοῦ σκότους εἰς αἰῶνα τετήρηται. 
Jude 1:12	400758	νεφέλαι 		οὗτοί εἰσιν οἱ ἐν ταῖς ἀγάπαις ὑμῶν σπιλάδες συνευωχούμενοι, ἀφόβως ἑαυτοὺς ποιμαίνοντες, νεφέλαι ἄνυδροι ὑπὸ ἀνέμων παραφερόμεναι, δένδρα φθινοπωρινὰ ἄκαρπα δὶς ἀποθανόντα ἐκριζωθέντα, κύματα ἄγρια θαλάσσης ἐπαφρίζοντα τὰς ἑαυτῶν αἰσχύνας, ἀστέρες πλανῆται οἷς ὁ ζόφος τοῦ σκότους εἰς αἰῶνα τετήρηται. 
Jude 1:12	400762	ἀνέμων 		οὗτοί εἰσιν οἱ ἐν ταῖς ἀγάπαις ὑμῶν σπιλάδες συνευωχούμενοι, ἀφόβως ἑαυτοὺς ποιμαίνοντες, νεφέλαι ἄνυδροι ὑπὸ ἀνέμων παραφερόμεναι, δένδρα φθινοπωρινὰ ἄκαρπα δὶς ἀποθανόντα ἐκριζωθέντα, κύματα ἄγρια θαλάσσης ἐπαφρίζοντα τὰς ἑαυτῶν αἰσχύνας, ἀστέρες πλανῆται οἷς ὁ ζόφος τοῦ σκότους εἰς αἰῶνα τετήρηται. 
Jude 1:12	400764	δένδρα φθινοπωρινὰ ἄκαρπα δὶς ἀποθανόντα ἐκριζωθέντα, 		οὗτοί εἰσιν οἱ ἐν ταῖς ἀγάπαις ὑμῶν σπιλάδες συνευωχούμενοι, ἀφόβως ἑαυτοὺς ποιμαίνοντες, νεφέλαι ἄνυδροι ὑπὸ ἀνέμων παραφερόμεναι, δένδρα φθινοπωρινὰ ἄκαρπα δὶς ἀποθανόντα ἐκριζωθέντα, κύματα ἄγρια θαλάσσης ἐπαφρίζοντα τὰς ἑαυτῶν αἰσχύνας, ἀστέρες πλανῆται οἷς ὁ ζόφος τοῦ σκότους εἰς αἰῶνα τετήρηται. 
Jude 1:12	400765	δένδρα φθινοπωρινὰ ἄκαρπα δὶς ἀποθανόντα 		οὗτοί εἰσιν οἱ ἐν ταῖς ἀγάπαις ὑμῶν σπιλάδες συνευωχούμενοι, ἀφόβως ἑαυτοὺς ποιμαίνοντες, νεφέλαι ἄνυδροι ὑπὸ ἀνέμων παραφερόμεναι, δένδρα φθινοπωρινὰ ἄκαρπα δὶς ἀποθανόντα ἐκριζωθέντα, κύματα ἄγρια θαλάσσης ἐπαφρίζοντα τὰς ἑαυτῶν αἰσχύνας, ἀστέρες πλανῆται οἷς ὁ ζόφος τοῦ σκότους εἰς αἰῶνα τετήρηται. 
Jude 1:12	400766	δένδρα φθινοπωρινὰ ἄκαρπα 		οὗτοί εἰσιν οἱ ἐν ταῖς ἀγάπαις ὑμῶν σπιλάδες συνευωχούμενοι, ἀφόβως ἑαυτοὺς ποιμαίνοντες, νεφέλαι ἄνυδροι ὑπὸ ἀνέμων παραφερόμεναι, δένδρα φθινοπωρινὰ ἄκαρπα δὶς ἀποθανόντα ἐκριζωθέντα, κύματα ἄγρια θαλάσσης ἐπαφρίζοντα τὰς ἑαυτῶν αἰσχύνας, ἀστέρες πλανῆται οἷς ὁ ζόφος τοῦ σκότους εἰς αἰῶνα τετήρηται. 
Jude 1:12	400767	δένδρα φθινοπωρινὰ 		οὗτοί εἰσιν οἱ ἐν ταῖς ἀγάπαις ὑμῶν σπιλάδες συνευωχούμενοι, ἀφόβως ἑαυτοὺς ποιμαίνοντες, νεφέλαι ἄνυδροι ὑπὸ ἀνέμων παραφερόμεναι, δένδρα φθινοπωρινὰ ἄκαρπα δὶς ἀποθανόντα ἐκριζωθέντα, κύματα ἄγρια θαλάσσης ἐπαφρίζοντα τὰς ἑαυτῶν αἰσχύνας, ἀστέρες πλανῆται οἷς ὁ ζόφος τοῦ σκότους εἰς αἰῶνα τετήρηται. 
Jude 1:12	400768	δένδρα 		οὗτοί εἰσιν οἱ ἐν ταῖς ἀγάπαις ὑμῶν σπιλάδες συνευωχούμενοι, ἀφόβως ἑαυτοὺς ποιμαίνοντες, νεφέλαι ἄνυδροι ὑπὸ ἀνέμων παραφερόμεναι, δένδρα φθινοπωρινὰ ἄκαρπα δὶς ἀποθανόντα ἐκριζωθέντα, κύματα ἄγρια θαλάσσης ἐπαφρίζοντα τὰς ἑαυτῶν αἰσχύνας, ἀστέρες πλανῆται οἷς ὁ ζόφος τοῦ σκότους εἰς αἰῶνα τετήρηται. 
Jude 1:13	400776	κύματα ἄγρια θαλάσσης ἐπαφρίζοντα τὰς ἑαυτῶν αἰσχύνας, 		οὗτοί εἰσιν οἱ ἐν ταῖς ἀγάπαις ὑμῶν σπιλάδες συνευωχούμενοι, ἀφόβως ἑαυτοὺς ποιμαίνοντες, νεφέλαι ἄνυδροι ὑπὸ ἀνέμων παραφερόμεναι, δένδρα φθινοπωρινὰ ἄκαρπα δὶς ἀποθανόντα ἐκριζωθέντα, κύματα ἄγρια θαλάσσης ἐπαφρίζοντα τὰς ἑαυτῶν αἰσχύνας, ἀστέρες πλανῆται οἷς ὁ ζόφος τοῦ σκότους εἰς αἰῶνα τετήρηται. 
Jude 1:13	400777	κύματα ἄγρια θαλάσσης 		οὗτοί εἰσιν οἱ ἐν ταῖς ἀγάπαις ὑμῶν σπιλάδες συνευωχούμενοι, ἀφόβως ἑαυτοὺς ποιμαίνοντες, νεφέλαι ἄνυδροι ὑπὸ ἀνέμων παραφερόμεναι, δένδρα φθινοπωρινὰ ἄκαρπα δὶς ἀποθανόντα ἐκριζωθέντα, κύματα ἄγρια θαλάσσης ἐπαφρίζοντα τὰς ἑαυτῶν αἰσχύνας, ἀστέρες πλανῆται οἷς ὁ ζόφος τοῦ σκότους εἰς αἰῶνα τετήρηται. 
Jude 1:13	400778	κύματα ἄγρια 		οὗτοί εἰσιν οἱ ἐν ταῖς ἀγάπαις ὑμῶν σπιλάδες συνευωχούμενοι, ἀφόβως ἑαυτοὺς ποιμαίνοντες, νεφέλαι ἄνυδροι ὑπὸ ἀνέμων παραφερόμεναι, δένδρα φθινοπωρινὰ ἄκαρπα δὶς ἀποθανόντα ἐκριζωθέντα, κύματα ἄγρια θαλάσσης ἐπαφρίζοντα τὰς ἑαυτῶν αἰσχύνας, ἀστέρες πλανῆται οἷς ὁ ζόφος τοῦ σκότους εἰς αἰῶνα τετήρηται. 
Jude 1:13	400779	κύματα 		οὗτοί εἰσιν οἱ ἐν ταῖς ἀγάπαις ὑμῶν σπιλάδες συνευωχούμενοι, ἀφόβως ἑαυτοὺς ποιμαίνοντες, νεφέλαι ἄνυδροι ὑπὸ ἀνέμων παραφερόμεναι, δένδρα φθινοπωρινὰ ἄκαρπα δὶς ἀποθανόντα ἐκριζωθέντα, κύματα ἄγρια θαλάσσης ἐπαφρίζοντα τὰς ἑαυτῶν αἰσχύνας, ἀστέρες πλανῆται οἷς ὁ ζόφος τοῦ σκότους εἰς αἰῶνα τετήρηται. 
Jude 1:13	400781	θαλάσσης 		οὗτοί εἰσιν οἱ ἐν ταῖς ἀγάπαις ὑμῶν σπιλάδες συνευωχούμενοι, ἀφόβως ἑαυτοὺς ποιμαίνοντες, νεφέλαι ἄνυδροι ὑπὸ ἀνέμων παραφερόμεναι, δένδρα φθινοπωρινὰ ἄκαρπα δὶς ἀποθανόντα ἐκριζωθέντα, κύματα ἄγρια θαλάσσης ἐπαφρίζοντα τὰς ἑαυτῶν αἰσχύνας, ἀστέρες πλανῆται οἷς ὁ ζόφος τοῦ σκότους εἰς αἰῶνα τετήρηται. 
Jude 1:13	400784	τὰς ἑαυτῶν αἰσχύνας, 		οὗτοί εἰσιν οἱ ἐν ταῖς ἀγάπαις ὑμῶν σπιλάδες συνευωχούμενοι, ἀφόβως ἑαυτοὺς ποιμαίνοντες, νεφέλαι ἄνυδροι ὑπὸ ἀνέμων παραφερόμεναι, δένδρα φθινοπωρινὰ ἄκαρπα δὶς ἀποθανόντα ἐκριζωθέντα, κύματα ἄγρια θαλάσσης ἐπαφρίζοντα τὰς ἑαυτῶν αἰσχύνας, ἀστέρες πλανῆται οἷς ὁ ζόφος τοῦ σκότους εἰς αἰῶνα τετήρηται. 
Jude 1:13	400785	ἑαυτῶν αἰσχύνας, 		οὗτοί εἰσιν οἱ ἐν ταῖς ἀγάπαις ὑμῶν σπιλάδες συνευωχούμενοι, ἀφόβως ἑαυτοὺς ποιμαίνοντες, νεφέλαι ἄνυδροι ὑπὸ ἀνέμων παραφερόμεναι, δένδρα φθινοπωρινὰ ἄκαρπα δὶς ἀποθανόντα ἐκριζωθέντα, κύματα ἄγρια θαλάσσης ἐπαφρίζοντα τὰς ἑαυτῶν αἰσχύνας, ἀστέρες πλανῆται οἷς ὁ ζόφος τοῦ σκότους εἰς αἰῶνα τετήρηται. 
Jude 1:13	400786	ἑαυτῶν 		οὗτοί εἰσιν οἱ ἐν ταῖς ἀγάπαις ὑμῶν σπιλάδες συνευωχούμενοι, ἀφόβως ἑαυτοὺς ποιμαίνοντες, νεφέλαι ἄνυδροι ὑπὸ ἀνέμων παραφερόμεναι, δένδρα φθινοπωρινὰ ἄκαρπα δὶς ἀποθανόντα ἐκριζωθέντα, κύματα ἄγρια θαλάσσης ἐπαφρίζοντα τὰς ἑαυτῶν αἰσχύνας, ἀστέρες πλανῆται οἷς ὁ ζόφος τοῦ σκότους εἰς αἰῶνα τετήρηται. 
Jude 1:13	400787	αἰσχύνας, 		οὗτοί εἰσιν οἱ ἐν ταῖς ἀγάπαις ὑμῶν σπιλάδες συνευωχούμενοι, ἀφόβως ἑαυτοὺς ποιμαίνοντες, νεφέλαι ἄνυδροι ὑπὸ ἀνέμων παραφερόμεναι, δένδρα φθινοπωρινὰ ἄκαρπα δὶς ἀποθανόντα ἐκριζωθέντα, κύματα ἄγρια θαλάσσης ἐπαφρίζοντα τὰς ἑαυτῶν αἰσχύνας, ἀστέρες πλανῆται οἷς ὁ ζόφος τοῦ σκότους εἰς αἰῶνα τετήρηται. 
Jude 1:13	400788	ἀστέρες πλανῆται οἷς ὁ ζόφος τοῦ σκότους εἰς αἰῶνα τετήρηται. 		οὗτοί εἰσιν οἱ ἐν ταῖς ἀγάπαις ὑμῶν σπιλάδες συνευωχούμενοι, ἀφόβως ἑαυτοὺς ποιμαίνοντες, νεφέλαι ἄνυδροι ὑπὸ ἀνέμων παραφερόμεναι, δένδρα φθινοπωρινὰ ἄκαρπα δὶς ἀποθανόντα ἐκριζωθέντα, κύματα ἄγρια θαλάσσης ἐπαφρίζοντα τὰς ἑαυτῶν αἰσχύνας, ἀστέρες πλανῆται οἷς ὁ ζόφος τοῦ σκότους εἰς αἰῶνα τετήρηται. 
Jude 1:13	400789	ἀστέρες πλανῆται 		οὗτοί εἰσιν οἱ ἐν ταῖς ἀγάπαις ὑμῶν σπιλάδες συνευωχούμενοι, ἀφόβως ἑαυτοὺς ποιμαίνοντες, νεφέλαι ἄνυδροι ὑπὸ ἀνέμων παραφερόμεναι, δένδρα φθινοπωρινὰ ἄκαρπα δὶς ἀποθανόντα ἐκριζωθέντα, κύματα ἄγρια θαλάσσης ἐπαφρίζοντα τὰς ἑαυτῶν αἰσχύνας, ἀστέρες πλανῆται οἷς ὁ ζόφος τοῦ σκότους εἰς αἰῶνα τετήρηται. 
Jude 1:13	400790	ἀστέρες 		οὗτοί εἰσιν οἱ ἐν ταῖς ἀγάπαις ὑμῶν σπιλάδες συνευωχούμενοι, ἀφόβως ἑαυτοὺς ποιμαίνοντες, νεφέλαι ἄνυδροι ὑπὸ ἀνέμων παραφερόμεναι, δένδρα φθινοπωρινὰ ἄκαρπα δὶς ἀποθανόντα ἐκριζωθέντα, κύματα ἄγρια θαλάσσης ἐπαφρίζοντα τὰς ἑαυτῶν αἰσχύνας, ἀστέρες πλανῆται οἷς ὁ ζόφος τοῦ σκότους εἰς αἰῶνα τετήρηται. 
Jude 1:13	400792	οἷς 		οὗτοί εἰσιν οἱ ἐν ταῖς ἀγάπαις ὑμῶν σπιλάδες συνευωχούμενοι, ἀφόβως ἑαυτοὺς ποιμαίνοντες, νεφέλαι ἄνυδροι ὑπὸ ἀνέμων παραφερόμεναι, δένδρα φθινοπωρινὰ ἄκαρπα δὶς ἀποθανόντα ἐκριζωθέντα, κύματα ἄγρια θαλάσσης ἐπαφρίζοντα τὰς ἑαυτῶν αἰσχύνας, ἀστέρες πλανῆται οἷς ὁ ζόφος τοῦ σκότους εἰς αἰῶνα τετήρηται. 
Jude 1:13	400793	ὁ ζόφος τοῦ σκότους 		οὗτοί εἰσιν οἱ ἐν ταῖς ἀγάπαις ὑμῶν σπιλάδες συνευωχούμενοι, ἀφόβως ἑαυτοὺς ποιμαίνοντες, νεφέλαι ἄνυδροι ὑπὸ ἀνέμων παραφερόμεναι, δένδρα φθινοπωρινὰ ἄκαρπα δὶς ἀποθανόντα ἐκριζωθέντα, κύματα ἄγρια θαλάσσης ἐπαφρίζοντα τὰς ἑαυτῶν αἰσχύνας, ἀστέρες πλανῆται οἷς ὁ ζόφος τοῦ σκότους εἰς αἰῶνα τετήρηται. 
Jude 1:13	400794	ζόφος τοῦ σκότους 		οὗτοί εἰσιν οἱ ἐν ταῖς ἀγάπαις ὑμῶν σπιλάδες συνευωχούμενοι, ἀφόβως ἑαυτοὺς ποιμαίνοντες, νεφέλαι ἄνυδροι ὑπὸ ἀνέμων παραφερόμεναι, δένδρα φθινοπωρινὰ ἄκαρπα δὶς ἀποθανόντα ἐκριζωθέντα, κύματα ἄγρια θαλάσσης ἐπαφρίζοντα τὰς ἑαυτῶν αἰσχύνας, ἀστέρες πλανῆται οἷς ὁ ζόφος τοῦ σκότους εἰς αἰῶνα τετήρηται. 
Jude 1:13	400795	ζόφος 		οὗτοί εἰσιν οἱ ἐν ταῖς ἀγάπαις ὑμῶν σπιλάδες συνευωχούμενοι, ἀφόβως ἑαυτοὺς ποιμαίνοντες, νεφέλαι ἄνυδροι ὑπὸ ἀνέμων παραφερόμεναι, δένδρα φθινοπωρινὰ ἄκαρπα δὶς ἀποθανόντα ἐκριζωθέντα, κύματα ἄγρια θαλάσσης ἐπαφρίζοντα τὰς ἑαυτῶν αἰσχύνας, ἀστέρες πλανῆται οἷς ὁ ζόφος τοῦ σκότους εἰς αἰῶνα τετήρηται. 
Jude 1:13	400796	τοῦ σκότους 		οὗτοί εἰσιν οἱ ἐν ταῖς ἀγάπαις ὑμῶν σπιλάδες συνευωχούμενοι, ἀφόβως ἑαυτοὺς ποιμαίνοντες, νεφέλαι ἄνυδροι ὑπὸ ἀνέμων παραφερόμεναι, δένδρα φθινοπωρινὰ ἄκαρπα δὶς ἀποθανόντα ἐκριζωθέντα, κύματα ἄγρια θαλάσσης ἐπαφρίζοντα τὰς ἑαυτῶν αἰσχύνας, ἀστέρες πλανῆται οἷς ὁ ζόφος τοῦ σκότους εἰς αἰῶνα τετήρηται. 
Jude 1:13	400797	σκότους 		οὗτοί εἰσιν οἱ ἐν ταῖς ἀγάπαις ὑμῶν σπιλάδες συνευωχούμενοι, ἀφόβως ἑαυτοὺς ποιμαίνοντες, νεφέλαι ἄνυδροι ὑπὸ ἀνέμων παραφερόμεναι, δένδρα φθινοπωρινὰ ἄκαρπα δὶς ἀποθανόντα ἐκριζωθέντα, κύματα ἄγρια θαλάσσης ἐπαφρίζοντα τὰς ἑαυτῶν αἰσχύνας, ἀστέρες πλανῆται οἷς ὁ ζόφος τοῦ σκότους εἰς αἰῶνα τετήρηται. 
Jude 1:13	400799	αἰῶνα 		οὗτοί εἰσιν οἱ ἐν ταῖς ἀγάπαις ὑμῶν σπιλάδες συνευωχούμενοι, ἀφόβως ἑαυτοὺς ποιμαίνοντες, νεφέλαι ἄνυδροι ὑπὸ ἀνέμων παραφερόμεναι, δένδρα φθινοπωρινὰ ἄκαρπα δὶς ἀποθανόντα ἐκριζωθέντα, κύματα ἄγρια θαλάσσης ἐπαφρίζοντα τὰς ἑαυτῶν αἰσχύνας, ἀστέρες πλανῆται οἷς ὁ ζόφος τοῦ σκότους εἰς αἰῶνα τετήρηται. 
Jude 1:14	400802	καὶ τούτοις 		δὲ Προεφήτευσεν καὶ τούτοις ἕβδομος ἀπὸ Ἀδὰμ Ἑνὼχ λέγων· Ἰδοὺ ἦλθεν κύριος ἐν ἁγίαις μυριάσιν αὐτοῦ, ποιῆσαι κρίσιν κατὰ πάντων καὶ ἐλέγξαι πάντας τοὺς ἀσεβεῖς περὶ πάντων τῶν ἔργων ἀσεβείας αὐτῶν ὧν ἠσέβησαν καὶ περὶ πάντων τῶν σκληρῶν ὧν ἐλάλησαν κατ’ αὐτοῦ ἁμαρτωλοὶ ἀσεβεῖς. 
Jude 1:14	400804	τούτοις 		δὲ Προεφήτευσεν καὶ τούτοις ἕβδομος ἀπὸ Ἀδὰμ Ἑνὼχ λέγων· Ἰδοὺ ἦλθεν κύριος ἐν ἁγίαις μυριάσιν αὐτοῦ, ποιῆσαι κρίσιν κατὰ πάντων καὶ ἐλέγξαι πάντας τοὺς ἀσεβεῖς περὶ πάντων τῶν ἔργων ἀσεβείας αὐτῶν ὧν ἠσέβησαν καὶ περὶ πάντων τῶν σκληρῶν ὧν ἐλάλησαν κατ’ αὐτοῦ ἁμαρτωλοὶ ἀσεβεῖς. 
Jude 1:14	400805	ἕβδομος ἀπὸ Ἀδὰμ Ἑνὼχ 		δὲ Προεφήτευσεν καὶ τούτοις ἕβδομος ἀπὸ Ἀδὰμ Ἑνὼχ λέγων· Ἰδοὺ ἦλθεν κύριος ἐν ἁγίαις μυριάσιν αὐτοῦ, ποιῆσαι κρίσιν κατὰ πάντων καὶ ἐλέγξαι πάντας τοὺς ἀσεβεῖς περὶ πάντων τῶν ἔργων ἀσεβείας αὐτῶν ὧν ἠσέβησαν καὶ περὶ πάντων τῶν σκληρῶν ὧν ἐλάλησαν κατ’ αὐτοῦ ἁμαρτωλοὶ ἀσεβεῖς. 
Jude 1:14	400806	ἕβδομος ἀπὸ Ἀδὰμ 		δὲ Προεφήτευσεν καὶ τούτοις ἕβδομος ἀπὸ Ἀδὰμ Ἑνὼχ λέγων· Ἰδοὺ ἦλθεν κύριος ἐν ἁγίαις μυριάσιν αὐτοῦ, ποιῆσαι κρίσιν κατὰ πάντων καὶ ἐλέγξαι πάντας τοὺς ἀσεβεῖς περὶ πάντων τῶν ἔργων ἀσεβείας αὐτῶν ὧν ἠσέβησαν καὶ περὶ πάντων τῶν σκληρῶν ὧν ἐλάλησαν κατ’ αὐτοῦ ἁμαρτωλοὶ ἀσεβεῖς. 
Jude 1:14	400807	ἕβδομος 		δὲ Προεφήτευσεν καὶ τούτοις ἕβδομος ἀπὸ Ἀδὰμ Ἑνὼχ λέγων· Ἰδοὺ ἦλθεν κύριος ἐν ἁγίαις μυριάσιν αὐτοῦ, ποιῆσαι κρίσιν κατὰ πάντων καὶ ἐλέγξαι πάντας τοὺς ἀσεβεῖς περὶ πάντων τῶν ἔργων ἀσεβείας αὐτῶν ὧν ἠσέβησαν καὶ περὶ πάντων τῶν σκληρῶν ὧν ἐλάλησαν κατ’ αὐτοῦ ἁμαρτωλοὶ ἀσεβεῖς. 
Jude 1:14	400810	Ἀδὰμ 		δὲ Προεφήτευσεν καὶ τούτοις ἕβδομος ἀπὸ Ἀδὰμ Ἑνὼχ λέγων· Ἰδοὺ ἦλθεν κύριος ἐν ἁγίαις μυριάσιν αὐτοῦ, ποιῆσαι κρίσιν κατὰ πάντων καὶ ἐλέγξαι πάντας τοὺς ἀσεβεῖς περὶ πάντων τῶν ἔργων ἀσεβείας αὐτῶν ὧν ἠσέβησαν καὶ περὶ πάντων τῶν σκληρῶν ὧν ἐλάλησαν κατ’ αὐτοῦ ἁμαρτωλοὶ ἀσεβεῖς. 
Jude 1:14	400811	Ἑνὼχ 		δὲ Προεφήτευσεν καὶ τούτοις ἕβδομος ἀπὸ Ἀδὰμ Ἑνὼχ λέγων· Ἰδοὺ ἦλθεν κύριος ἐν ἁγίαις μυριάσιν αὐτοῦ, ποιῆσαι κρίσιν κατὰ πάντων καὶ ἐλέγξαι πάντας τοὺς ἀσεβεῖς περὶ πάντων τῶν ἔργων ἀσεβείας αὐτῶν ὧν ἠσέβησαν καὶ περὶ πάντων τῶν σκληρῶν ὧν ἐλάλησαν κατ’ αὐτοῦ ἁμαρτωλοὶ ἀσεβεῖς. 
Jude 1:14	400814	κύριος 		δὲ Προεφήτευσεν καὶ τούτοις ἕβδομος ἀπὸ Ἀδὰμ Ἑνὼχ λέγων· Ἰδοὺ ἦλθεν κύριος ἐν ἁγίαις μυριάσιν αὐτοῦ, ποιῆσαι κρίσιν κατὰ πάντων καὶ ἐλέγξαι πάντας τοὺς ἀσεβεῖς περὶ πάντων τῶν ἔργων ἀσεβείας αὐτῶν ὧν ἠσέβησαν καὶ περὶ πάντων τῶν σκληρῶν ὧν ἐλάλησαν κατ’ αὐτοῦ ἁμαρτωλοὶ ἀσεβεῖς. 
Jude 1:14	400816	ἁγίαις μυριάσιν αὐτοῦ, 		δὲ Προεφήτευσεν καὶ τούτοις ἕβδομος ἀπὸ Ἀδὰμ Ἑνὼχ λέγων· Ἰδοὺ ἦλθεν κύριος ἐν ἁγίαις μυριάσιν αὐτοῦ, ποιῆσαι κρίσιν κατὰ πάντων καὶ ἐλέγξαι πάντας τοὺς ἀσεβεῖς περὶ πάντων τῶν ἔργων ἀσεβείας αὐτῶν ὧν ἠσέβησαν καὶ περὶ πάντων τῶν σκληρῶν ὧν ἐλάλησαν κατ’ αὐτοῦ ἁμαρτωλοὶ ἀσεβεῖς. 
Jude 1:14	400818	μυριάσιν αὐτοῦ, 		δὲ Προεφήτευσεν καὶ τούτοις ἕβδομος ἀπὸ Ἀδὰμ Ἑνὼχ λέγων· Ἰδοὺ ἦλθεν κύριος ἐν ἁγίαις μυριάσιν αὐτοῦ, ποιῆσαι κρίσιν κατὰ πάντων καὶ ἐλέγξαι πάντας τοὺς ἀσεβεῖς περὶ πάντων τῶν ἔργων ἀσεβείας αὐτῶν ὧν ἠσέβησαν καὶ περὶ πάντων τῶν σκληρῶν ὧν ἐλάλησαν κατ’ αὐτοῦ ἁμαρτωλοὶ ἀσεβεῖς. 
Jude 1:14	400819	μυριάσιν 		δὲ Προεφήτευσεν καὶ τούτοις ἕβδομος ἀπὸ Ἀδὰμ Ἑνὼχ λέγων· Ἰδοὺ ἦλθεν κύριος ἐν ἁγίαις μυριάσιν αὐτοῦ, ποιῆσαι κρίσιν κατὰ πάντων καὶ ἐλέγξαι πάντας τοὺς ἀσεβεῖς περὶ πάντων τῶν ἔργων ἀσεβείας αὐτῶν ὧν ἠσέβησαν καὶ περὶ πάντων τῶν σκληρῶν ὧν ἐλάλησαν κατ’ αὐτοῦ ἁμαρτωλοὶ ἀσεβεῖς. 
Jude 1:14	400820	αὐτοῦ, 		δὲ Προεφήτευσεν καὶ τούτοις ἕβδομος ἀπὸ Ἀδὰμ Ἑνὼχ λέγων· Ἰδοὺ ἦλθεν κύριος ἐν ἁγίαις μυριάσιν αὐτοῦ, ποιῆσαι κρίσιν κατὰ πάντων καὶ ἐλέγξαι πάντας τοὺς ἀσεβεῖς περὶ πάντων τῶν ἔργων ἀσεβείας αὐτῶν ὧν ἠσέβησαν καὶ περὶ πάντων τῶν σκληρῶν ὧν ἐλάλησαν κατ’ αὐτοῦ ἁμαρτωλοὶ ἀσεβεῖς. 
Jude 1:15	400822	κρίσιν 		δὲ Προεφήτευσεν καὶ τούτοις ἕβδομος ἀπὸ Ἀδὰμ Ἑνὼχ λέγων· Ἰδοὺ ἦλθεν κύριος ἐν ἁγίαις μυριάσιν αὐτοῦ, ποιῆσαι κρίσιν κατὰ πάντων καὶ ἐλέγξαι πάντας τοὺς ἀσεβεῖς περὶ πάντων τῶν ἔργων ἀσεβείας αὐτῶν ὧν ἠσέβησαν καὶ περὶ πάντων τῶν σκληρῶν ὧν ἐλάλησαν κατ’ αὐτοῦ ἁμαρτωλοὶ ἀσεβεῖς. 
Jude 1:15	400824	πάντων 		δὲ Προεφήτευσεν καὶ τούτοις ἕβδομος ἀπὸ Ἀδὰμ Ἑνὼχ λέγων· Ἰδοὺ ἦλθεν κύριος ἐν ἁγίαις μυριάσιν αὐτοῦ, ποιῆσαι κρίσιν κατὰ πάντων καὶ ἐλέγξαι πάντας τοὺς ἀσεβεῖς περὶ πάντων τῶν ἔργων ἀσεβείας αὐτῶν ὧν ἠσέβησαν καὶ περὶ πάντων τῶν σκληρῶν ὧν ἐλάλησαν κατ’ αὐτοῦ ἁμαρτωλοὶ ἀσεβεῖς. 
Jude 1:15	400827	πάντας τοὺς ἀσεβεῖς 		δὲ Προεφήτευσεν καὶ τούτοις ἕβδομος ἀπὸ Ἀδὰμ Ἑνὼχ λέγων· Ἰδοὺ ἦλθεν κύριος ἐν ἁγίαις μυριάσιν αὐτοῦ, ποιῆσαι κρίσιν κατὰ πάντων καὶ ἐλέγξαι πάντας τοὺς ἀσεβεῖς περὶ πάντων τῶν ἔργων ἀσεβείας αὐτῶν ὧν ἠσέβησαν καὶ περὶ πάντων τῶν σκληρῶν ὧν ἐλάλησαν κατ’ αὐτοῦ ἁμαρτωλοὶ ἀσεβεῖς. 
Jude 1:15	400829	τοὺς ἀσεβεῖς 		δὲ Προεφήτευσεν καὶ τούτοις ἕβδομος ἀπὸ Ἀδὰμ Ἑνὼχ λέγων· Ἰδοὺ ἦλθεν κύριος ἐν ἁγίαις μυριάσιν αὐτοῦ, ποιῆσαι κρίσιν κατὰ πάντων καὶ ἐλέγξαι πάντας τοὺς ἀσεβεῖς περὶ πάντων τῶν ἔργων ἀσεβείας αὐτῶν ὧν ἠσέβησαν καὶ περὶ πάντων τῶν σκληρῶν ὧν ἐλάλησαν κατ’ αὐτοῦ ἁμαρτωλοὶ ἀσεβεῖς. 
Jude 1:15	400833	πάντων τῶν ἔργων ἀσεβείας αὐτῶν ὧν ἠσέβησαν 		δὲ Προεφήτευσεν καὶ τούτοις ἕβδομος ἀπὸ Ἀδὰμ Ἑνὼχ λέγων· Ἰδοὺ ἦλθεν κύριος ἐν ἁγίαις μυριάσιν αὐτοῦ, ποιῆσαι κρίσιν κατὰ πάντων καὶ ἐλέγξαι πάντας τοὺς ἀσεβεῖς περὶ πάντων τῶν ἔργων ἀσεβείας αὐτῶν ὧν ἠσέβησαν καὶ περὶ πάντων τῶν σκληρῶν ὧν ἐλάλησαν κατ’ αὐτοῦ ἁμαρτωλοὶ ἀσεβεῖς. 
Jude 1:15	400835	τῶν ἔργων ἀσεβείας αὐτῶν ὧν ἠσέβησαν 		δὲ Προεφήτευσεν καὶ τούτοις ἕβδομος ἀπὸ Ἀδὰμ Ἑνὼχ λέγων· Ἰδοὺ ἦλθεν κύριος ἐν ἁγίαις μυριάσιν αὐτοῦ, ποιῆσαι κρίσιν κατὰ πάντων καὶ ἐλέγξαι πάντας τοὺς ἀσεβεῖς περὶ πάντων τῶν ἔργων ἀσεβείας αὐτῶν ὧν ἠσέβησαν καὶ περὶ πάντων τῶν σκληρῶν ὧν ἐλάλησαν κατ’ αὐτοῦ ἁμαρτωλοὶ ἀσεβεῖς. 
Jude 1:15	400836	ἔργων ἀσεβείας αὐτῶν ὧν ἠσέβησαν 		δὲ Προεφήτευσεν καὶ τούτοις ἕβδομος ἀπὸ Ἀδὰμ Ἑνὼχ λέγων· Ἰδοὺ ἦλθεν κύριος ἐν ἁγίαις μυριάσιν αὐτοῦ, ποιῆσαι κρίσιν κατὰ πάντων καὶ ἐλέγξαι πάντας τοὺς ἀσεβεῖς περὶ πάντων τῶν ἔργων ἀσεβείας αὐτῶν ὧν ἠσέβησαν καὶ περὶ πάντων τῶν σκληρῶν ὧν ἐλάλησαν κατ’ αὐτοῦ ἁμαρτωλοὶ ἀσεβεῖς. 
Jude 1:15	400837	ἔργων ἀσεβείας αὐτῶν 		δὲ Προεφήτευσεν καὶ τούτοις ἕβδομος ἀπὸ Ἀδὰμ Ἑνὼχ λέγων· Ἰδοὺ ἦλθεν κύριος ἐν ἁγίαις μυριάσιν αὐτοῦ, ποιῆσαι κρίσιν κατὰ πάντων καὶ ἐλέγξαι πάντας τοὺς ἀσεβεῖς περὶ πάντων τῶν ἔργων ἀσεβείας αὐτῶν ὧν ἠσέβησαν καὶ περὶ πάντων τῶν σκληρῶν ὧν ἐλάλησαν κατ’ αὐτοῦ ἁμαρτωλοὶ ἀσεβεῖς. 
Jude 1:15	400838	ἔργων ἀσεβείας 		δὲ Προεφήτευσεν καὶ τούτοις ἕβδομος ἀπὸ Ἀδὰμ Ἑνὼχ λέγων· Ἰδοὺ ἦλθεν κύριος ἐν ἁγίαις μυριάσιν αὐτοῦ, ποιῆσαι κρίσιν κατὰ πάντων καὶ ἐλέγξαι πάντας τοὺς ἀσεβεῖς περὶ πάντων τῶν ἔργων ἀσεβείας αὐτῶν ὧν ἠσέβησαν καὶ περὶ πάντων τῶν σκληρῶν ὧν ἐλάλησαν κατ’ αὐτοῦ ἁμαρτωλοὶ ἀσεβεῖς. 
Jude 1:15	400839	ἔργων 		δὲ Προεφήτευσεν καὶ τούτοις ἕβδομος ἀπὸ Ἀδὰμ Ἑνὼχ λέγων· Ἰδοὺ ἦλθεν κύριος ἐν ἁγίαις μυριάσιν αὐτοῦ, ποιῆσαι κρίσιν κατὰ πάντων καὶ ἐλέγξαι πάντας τοὺς ἀσεβεῖς περὶ πάντων τῶν ἔργων ἀσεβείας αὐτῶν ὧν ἠσέβησαν καὶ περὶ πάντων τῶν σκληρῶν ὧν ἐλάλησαν κατ’ αὐτοῦ ἁμαρτωλοὶ ἀσεβεῖς. 
Jude 1:15	400840	ἀσεβείας 		δὲ Προεφήτευσεν καὶ τούτοις ἕβδομος ἀπὸ Ἀδὰμ Ἑνὼχ λέγων· Ἰδοὺ ἦλθεν κύριος ἐν ἁγίαις μυριάσιν αὐτοῦ, ποιῆσαι κρίσιν κατὰ πάντων καὶ ἐλέγξαι πάντας τοὺς ἀσεβεῖς περὶ πάντων τῶν ἔργων ἀσεβείας αὐτῶν ὧν ἠσέβησαν καὶ περὶ πάντων τῶν σκληρῶν ὧν ἐλάλησαν κατ’ αὐτοῦ ἁμαρτωλοὶ ἀσεβεῖς. 
Jude 1:15	400841	αὐτῶν 		δὲ Προεφήτευσεν καὶ τούτοις ἕβδομος ἀπὸ Ἀδὰμ Ἑνὼχ λέγων· Ἰδοὺ ἦλθεν κύριος ἐν ἁγίαις μυριάσιν αὐτοῦ, ποιῆσαι κρίσιν κατὰ πάντων καὶ ἐλέγξαι πάντας τοὺς ἀσεβεῖς περὶ πάντων τῶν ἔργων ἀσεβείας αὐτῶν ὧν ἠσέβησαν καὶ περὶ πάντων τῶν σκληρῶν ὧν ἐλάλησαν κατ’ αὐτοῦ ἁμαρτωλοὶ ἀσεβεῖς. 
Jude 1:15	400842	ὧν 		δὲ Προεφήτευσεν καὶ τούτοις ἕβδομος ἀπὸ Ἀδὰμ Ἑνὼχ λέγων· Ἰδοὺ ἦλθεν κύριος ἐν ἁγίαις μυριάσιν αὐτοῦ, ποιῆσαι κρίσιν κατὰ πάντων καὶ ἐλέγξαι πάντας τοὺς ἀσεβεῖς περὶ πάντων τῶν ἔργων ἀσεβείας αὐτῶν ὧν ἠσέβησαν καὶ περὶ πάντων τῶν σκληρῶν ὧν ἐλάλησαν κατ’ αὐτοῦ ἁμαρτωλοὶ ἀσεβεῖς. 
Jude 1:15	400845	πάντων τῶν σκληρῶν ὧν ἐλάλησαν κατ’ αὐτοῦ ἁμαρτωλοὶ ἀσεβεῖς. 		δὲ Προεφήτευσεν καὶ τούτοις ἕβδομος ἀπὸ Ἀδὰμ Ἑνὼχ λέγων· Ἰδοὺ ἦλθεν κύριος ἐν ἁγίαις μυριάσιν αὐτοῦ, ποιῆσαι κρίσιν κατὰ πάντων καὶ ἐλέγξαι πάντας τοὺς ἀσεβεῖς περὶ πάντων τῶν ἔργων ἀσεβείας αὐτῶν ὧν ἠσέβησαν καὶ περὶ πάντων τῶν σκληρῶν ὧν ἐλάλησαν κατ’ αὐτοῦ ἁμαρτωλοὶ ἀσεβεῖς. 
Jude 1:15	400847	τῶν σκληρῶν ὧν ἐλάλησαν κατ’ αὐτοῦ ἁμαρτωλοὶ ἀσεβεῖς. 		δὲ Προεφήτευσεν καὶ τούτοις ἕβδομος ἀπὸ Ἀδὰμ Ἑνὼχ λέγων· Ἰδοὺ ἦλθεν κύριος ἐν ἁγίαις μυριάσιν αὐτοῦ, ποιῆσαι κρίσιν κατὰ πάντων καὶ ἐλέγξαι πάντας τοὺς ἀσεβεῖς περὶ πάντων τῶν ἔργων ἀσεβείας αὐτῶν ὧν ἠσέβησαν καὶ περὶ πάντων τῶν σκληρῶν ὧν ἐλάλησαν κατ’ αὐτοῦ ἁμαρτωλοὶ ἀσεβεῖς. 
Jude 1:15	400848	σκληρῶν ὧν ἐλάλησαν κατ’ αὐτοῦ ἁμαρτωλοὶ ἀσεβεῖς. 		δὲ Προεφήτευσεν καὶ τούτοις ἕβδομος ἀπὸ Ἀδὰμ Ἑνὼχ λέγων· Ἰδοὺ ἦλθεν κύριος ἐν ἁγίαις μυριάσιν αὐτοῦ, ποιῆσαι κρίσιν κατὰ πάντων καὶ ἐλέγξαι πάντας τοὺς ἀσεβεῖς περὶ πάντων τῶν ἔργων ἀσεβείας αὐτῶν ὧν ἠσέβησαν καὶ περὶ πάντων τῶν σκληρῶν ὧν ἐλάλησαν κατ’ αὐτοῦ ἁμαρτωλοὶ ἀσεβεῖς. 
Jude 1:15	400849	σκληρῶν 		δὲ Προεφήτευσεν καὶ τούτοις ἕβδομος ἀπὸ Ἀδὰμ Ἑνὼχ λέγων· Ἰδοὺ ἦλθεν κύριος ἐν ἁγίαις μυριάσιν αὐτοῦ, ποιῆσαι κρίσιν κατὰ πάντων καὶ ἐλέγξαι πάντας τοὺς ἀσεβεῖς περὶ πάντων τῶν ἔργων ἀσεβείας αὐτῶν ὧν ἠσέβησαν καὶ περὶ πάντων τῶν σκληρῶν ὧν ἐλάλησαν κατ’ αὐτοῦ ἁμαρτωλοὶ ἀσεβεῖς. 
Jude 1:15	400851	ὧν 		δὲ Προεφήτευσεν καὶ τούτοις ἕβδομος ἀπὸ Ἀδὰμ Ἑνὼχ λέγων· Ἰδοὺ ἦλθεν κύριος ἐν ἁγίαις μυριάσιν αὐτοῦ, ποιῆσαι κρίσιν κατὰ πάντων καὶ ἐλέγξαι πάντας τοὺς ἀσεβεῖς περὶ πάντων τῶν ἔργων ἀσεβείας αὐτῶν ὧν ἠσέβησαν καὶ περὶ πάντων τῶν σκληρῶν ὧν ἐλάλησαν κατ’ αὐτοῦ ἁμαρτωλοὶ ἀσεβεῖς. 
Jude 1:15	400854	αὐτοῦ 		δὲ Προεφήτευσεν καὶ τούτοις ἕβδομος ἀπὸ Ἀδὰμ Ἑνὼχ λέγων· Ἰδοὺ ἦλθεν κύριος ἐν ἁγίαις μυριάσιν αὐτοῦ, ποιῆσαι κρίσιν κατὰ πάντων καὶ ἐλέγξαι πάντας τοὺς ἀσεβεῖς περὶ πάντων τῶν ἔργων ἀσεβείας αὐτῶν ὧν ἠσέβησαν καὶ περὶ πάντων τῶν σκληρῶν ὧν ἐλάλησαν κατ’ αὐτοῦ ἁμαρτωλοὶ ἀσεβεῖς. 
Jude 1:15	400855	ἁμαρτωλοὶ ἀσεβεῖς. 		δὲ Προεφήτευσεν καὶ τούτοις ἕβδομος ἀπὸ Ἀδὰμ Ἑνὼχ λέγων· Ἰδοὺ ἦλθεν κύριος ἐν ἁγίαις μυριάσιν αὐτοῦ, ποιῆσαι κρίσιν κατὰ πάντων καὶ ἐλέγξαι πάντας τοὺς ἀσεβεῖς περὶ πάντων τῶν ἔργων ἀσεβείας αὐτῶν ὧν ἠσέβησαν καὶ περὶ πάντων τῶν σκληρῶν ὧν ἐλάλησαν κατ’ αὐτοῦ ἁμαρτωλοὶ ἀσεβεῖς. 
Jude 1:15	400856	ἁμαρτωλοὶ 		δὲ Προεφήτευσεν καὶ τούτοις ἕβδομος ἀπὸ Ἀδὰμ Ἑνὼχ λέγων· Ἰδοὺ ἦλθεν κύριος ἐν ἁγίαις μυριάσιν αὐτοῦ, ποιῆσαι κρίσιν κατὰ πάντων καὶ ἐλέγξαι πάντας τοὺς ἀσεβεῖς περὶ πάντων τῶν ἔργων ἀσεβείας αὐτῶν ὧν ἠσέβησαν καὶ περὶ πάντων τῶν σκληρῶν ὧν ἐλάλησαν κατ’ αὐτοῦ ἁμαρτωλοὶ ἀσεβεῖς. 
Jude 1:16	400859	οὗτοί 		οὗτοί εἰσιν γογγυσταί, μεμψίμοιροι, κατὰ τὰς ἐπιθυμίας αὐτῶν πορευόμενοι, καὶ τὸ στόμα αὐτῶν λαλεῖ ὑπέρογκα, θαυμάζοντες πρόσωπα ὠφελείας χάριν. 
Jude 1:16	400861	γογγυσταί, μεμψίμοιροι, κατὰ τὰς ἐπιθυμίας αὐτῶν πορευόμενοι, 		οὗτοί εἰσιν γογγυσταί, μεμψίμοιροι, κατὰ τὰς ἐπιθυμίας αὐτῶν πορευόμενοι, καὶ τὸ στόμα αὐτῶν λαλεῖ ὑπέρογκα, θαυμάζοντες πρόσωπα ὠφελείας χάριν. 
Jude 1:16	400862	γογγυσταί, μεμψίμοιροι, 		οὗτοί εἰσιν γογγυσταί, μεμψίμοιροι, κατὰ τὰς ἐπιθυμίας αὐτῶν πορευόμενοι, καὶ τὸ στόμα αὐτῶν λαλεῖ ὑπέρογκα, θαυμάζοντες πρόσωπα ὠφελείας χάριν. 
Jude 1:16	400863	γογγυσταί, 		οὗτοί εἰσιν γογγυσταί, μεμψίμοιροι, κατὰ τὰς ἐπιθυμίας αὐτῶν πορευόμενοι, καὶ τὸ στόμα αὐτῶν λαλεῖ ὑπέρογκα, θαυμάζοντες πρόσωπα ὠφελείας χάριν. 
Jude 1:16	400867	τὰς ἐπιθυμίας αὐτῶν 		οὗτοί εἰσιν γογγυσταί, μεμψίμοιροι, κατὰ τὰς ἐπιθυμίας αὐτῶν πορευόμενοι, καὶ τὸ στόμα αὐτῶν λαλεῖ ὑπέρογκα, θαυμάζοντες πρόσωπα ὠφελείας χάριν. 
Jude 1:16	400868	ἐπιθυμίας αὐτῶν 		οὗτοί εἰσιν γογγυσταί, μεμψίμοιροι, κατὰ τὰς ἐπιθυμίας αὐτῶν πορευόμενοι, καὶ τὸ στόμα αὐτῶν λαλεῖ ὑπέρογκα, θαυμάζοντες πρόσωπα ὠφελείας χάριν. 
Jude 1:16	400869	ἐπιθυμίας 		οὗτοί εἰσιν γογγυσταί, μεμψίμοιροι, κατὰ τὰς ἐπιθυμίας αὐτῶν πορευόμενοι, καὶ τὸ στόμα αὐτῶν λαλεῖ ὑπέρογκα, θαυμάζοντες πρόσωπα ὠφελείας χάριν. 
Jude 1:16	400870	αὐτῶν 		οὗτοί εἰσιν γογγυσταί, μεμψίμοιροι, κατὰ τὰς ἐπιθυμίας αὐτῶν πορευόμενοι, καὶ τὸ στόμα αὐτῶν λαλεῖ ὑπέρογκα, θαυμάζοντες πρόσωπα ὠφελείας χάριν. 
Jude 1:16	400872	τὸ στόμα αὐτῶν 		οὗτοί εἰσιν γογγυσταί, μεμψίμοιροι, κατὰ τὰς ἐπιθυμίας αὐτῶν πορευόμενοι, καὶ τὸ στόμα αὐτῶν λαλεῖ ὑπέρογκα, θαυμάζοντες πρόσωπα ὠφελείας χάριν. 
Jude 1:16	400873	στόμα αὐτῶν 		οὗτοί εἰσιν γογγυσταί, μεμψίμοιροι, κατὰ τὰς ἐπιθυμίας αὐτῶν πορευόμενοι, καὶ τὸ στόμα αὐτῶν λαλεῖ ὑπέρογκα, θαυμάζοντες πρόσωπα ὠφελείας χάριν. 
Jude 1:16	400874	στόμα 		οὗτοί εἰσιν γογγυσταί, μεμψίμοιροι, κατὰ τὰς ἐπιθυμίας αὐτῶν πορευόμενοι, καὶ τὸ στόμα αὐτῶν λαλεῖ ὑπέρογκα, θαυμάζοντες πρόσωπα ὠφελείας χάριν. 
Jude 1:16	400875	αὐτῶν 		οὗτοί εἰσιν γογγυσταί, μεμψίμοιροι, κατὰ τὰς ἐπιθυμίας αὐτῶν πορευόμενοι, καὶ τὸ στόμα αὐτῶν λαλεῖ ὑπέρογκα, θαυμάζοντες πρόσωπα ὠφελείας χάριν. 
Jude 1:16	400877	ὑπέρογκα, 		οὗτοί εἰσιν γογγυσταί, μεμψίμοιροι, κατὰ τὰς ἐπιθυμίας αὐτῶν πορευόμενοι, καὶ τὸ στόμα αὐτῶν λαλεῖ ὑπέρογκα, θαυμάζοντες πρόσωπα ὠφελείας χάριν. 
Jude 1:16	400880	πρόσωπα 		οὗτοί εἰσιν γογγυσταί, μεμψίμοιροι, κατὰ τὰς ἐπιθυμίας αὐτῶν πορευόμενοι, καὶ τὸ στόμα αὐτῶν λαλεῖ ὑπέρογκα, θαυμάζοντες πρόσωπα ὠφελείας χάριν. 
Jude 1:16	400882	ὠφελείας 		οὗτοί εἰσιν γογγυσταί, μεμψίμοιροι, κατὰ τὰς ἐπιθυμίας αὐτῶν πορευόμενοι, καὶ τὸ στόμα αὐτῶν λαλεῖ ὑπέρογκα, θαυμάζοντες πρόσωπα ὠφελείας χάριν. 
Jude 1:17	400883	ἀγαπητοί, 		δέ, ἀγαπητοί, Ὑμεῖς μνήσθητε τῶν ῥημάτων τῶν προειρημένων ὑπὸ τῶν ἀποστόλων τοῦ κυρίου ἡμῶν Ἰησοῦ Χριστοῦ· 
Jude 1:17	400885	Ὑμεῖς 		δέ, ἀγαπητοί, Ὑμεῖς μνήσθητε τῶν ῥημάτων τῶν προειρημένων ὑπὸ τῶν ἀποστόλων τοῦ κυρίου ἡμῶν Ἰησοῦ Χριστοῦ· 
Jude 1:17	400887	τῶν ῥημάτων τῶν προειρημένων ὑπὸ τῶν ἀποστόλων τοῦ κυρίου ἡμῶν Ἰησοῦ Χριστοῦ· 		δέ, ἀγαπητοί, Ὑμεῖς μνήσθητε τῶν ῥημάτων τῶν προειρημένων ὑπὸ τῶν ἀποστόλων τοῦ κυρίου ἡμῶν Ἰησοῦ Χριστοῦ· 
Jude 1:17	400888	τῶν ῥημάτων 		δέ, ἀγαπητοί, Ὑμεῖς μνήσθητε τῶν ῥημάτων τῶν προειρημένων ὑπὸ τῶν ἀποστόλων τοῦ κυρίου ἡμῶν Ἰησοῦ Χριστοῦ· 
Jude 1:17	400889	ῥημάτων 		δέ, ἀγαπητοί, Ὑμεῖς μνήσθητε τῶν ῥημάτων τῶν προειρημένων ὑπὸ τῶν ἀποστόλων τοῦ κυρίου ἡμῶν Ἰησοῦ Χριστοῦ· 
Jude 1:17	400890	τῶν προειρημένων ὑπὸ τῶν ἀποστόλων τοῦ κυρίου ἡμῶν Ἰησοῦ Χριστοῦ· 		δέ, ἀγαπητοί, Ὑμεῖς μνήσθητε τῶν ῥημάτων τῶν προειρημένων ὑπὸ τῶν ἀποστόλων τοῦ κυρίου ἡμῶν Ἰησοῦ Χριστοῦ· 
Jude 1:17	400893	τῶν ἀποστόλων τοῦ κυρίου ἡμῶν Ἰησοῦ Χριστοῦ· 		δέ, ἀγαπητοί, Ὑμεῖς μνήσθητε τῶν ῥημάτων τῶν προειρημένων ὑπὸ τῶν ἀποστόλων τοῦ κυρίου ἡμῶν Ἰησοῦ Χριστοῦ· 
Jude 1:17	400894	ἀποστόλων τοῦ κυρίου ἡμῶν Ἰησοῦ Χριστοῦ· 		δέ, ἀγαπητοί, Ὑμεῖς μνήσθητε τῶν ῥημάτων τῶν προειρημένων ὑπὸ τῶν ἀποστόλων τοῦ κυρίου ἡμῶν Ἰησοῦ Χριστοῦ· 
Jude 1:17	400895	ἀποστόλων 		δέ, ἀγαπητοί, Ὑμεῖς μνήσθητε τῶν ῥημάτων τῶν προειρημένων ὑπὸ τῶν ἀποστόλων τοῦ κυρίου ἡμῶν Ἰησοῦ Χριστοῦ· 
Jude 1:17	400896	τοῦ κυρίου ἡμῶν Ἰησοῦ Χριστοῦ· 		δέ, ἀγαπητοί, Ὑμεῖς μνήσθητε τῶν ῥημάτων τῶν προειρημένων ὑπὸ τῶν ἀποστόλων τοῦ κυρίου ἡμῶν Ἰησοῦ Χριστοῦ· 
Jude 1:17	400897	τοῦ κυρίου ἡμῶν 		δέ, ἀγαπητοί, Ὑμεῖς μνήσθητε τῶν ῥημάτων τῶν προειρημένων ὑπὸ τῶν ἀποστόλων τοῦ κυρίου ἡμῶν Ἰησοῦ Χριστοῦ· 
Jude 1:17	400898	κυρίου ἡμῶν 		δέ, ἀγαπητοί, Ὑμεῖς μνήσθητε τῶν ῥημάτων τῶν προειρημένων ὑπὸ τῶν ἀποστόλων τοῦ κυρίου ἡμῶν Ἰησοῦ Χριστοῦ· 
Jude 1:17	400899	κυρίου 		δέ, ἀγαπητοί, Ὑμεῖς μνήσθητε τῶν ῥημάτων τῶν προειρημένων ὑπὸ τῶν ἀποστόλων τοῦ κυρίου ἡμῶν Ἰησοῦ Χριστοῦ· 
Jude 1:17	400900	ἡμῶν 		δέ, ἀγαπητοί, Ὑμεῖς μνήσθητε τῶν ῥημάτων τῶν προειρημένων ὑπὸ τῶν ἀποστόλων τοῦ κυρίου ἡμῶν Ἰησοῦ Χριστοῦ· 
Jude 1:17	400901	Ἰησοῦ Χριστοῦ· 		δέ, ἀγαπητοί, Ὑμεῖς μνήσθητε τῶν ῥημάτων τῶν προειρημένων ὑπὸ τῶν ἀποστόλων τοῦ κυρίου ἡμῶν Ἰησοῦ Χριστοῦ· 
Jude 1:17	400902	Ἰησοῦ 		δέ, ἀγαπητοί, Ὑμεῖς μνήσθητε τῶν ῥημάτων τῶν προειρημένων ὑπὸ τῶν ἀποστόλων τοῦ κυρίου ἡμῶν Ἰησοῦ Χριστοῦ· 
Jude 1:17	400903	Χριστοῦ· 		δέ, ἀγαπητοί, Ὑμεῖς μνήσθητε τῶν ῥημάτων τῶν προειρημένων ὑπὸ τῶν ἀποστόλων τοῦ κυρίου ἡμῶν Ἰησοῦ Χριστοῦ· 
Jude 1:18	400905	ὑμῖν· 		ὅτι ἔλεγον ὑμῖν· Ἐπ’ ἐσχάτου χρόνου ἔσονται ἐμπαῖκται πορευόμενοι κατὰ τὰς ἑαυτῶν ἐπιθυμίας τῶν ἀσεβειῶν. 
Jude 1:18	400907	ἐσχάτου χρόνου 		ὅτι ἔλεγον ὑμῖν· Ἐπ’ ἐσχάτου χρόνου ἔσονται ἐμπαῖκται πορευόμενοι κατὰ τὰς ἑαυτῶν ἐπιθυμίας τῶν ἀσεβειῶν. 
Jude 1:18	400909	χρόνου 		ὅτι ἔλεγον ὑμῖν· Ἐπ’ ἐσχάτου χρόνου ἔσονται ἐμπαῖκται πορευόμενοι κατὰ τὰς ἑαυτῶν ἐπιθυμίας τῶν ἀσεβειῶν. 
Jude 1:18	400911	ἐμπαῖκται πορευόμενοι κατὰ τὰς ἑαυτῶν ἐπιθυμίας τῶν ἀσεβειῶν. 		ὅτι ἔλεγον ὑμῖν· Ἐπ’ ἐσχάτου χρόνου ἔσονται ἐμπαῖκται πορευόμενοι κατὰ τὰς ἑαυτῶν ἐπιθυμίας τῶν ἀσεβειῶν. 
Jude 1:18	400912	ἐμπαῖκται 		ὅτι ἔλεγον ὑμῖν· Ἐπ’ ἐσχάτου χρόνου ἔσονται ἐμπαῖκται πορευόμενοι κατὰ τὰς ἑαυτῶν ἐπιθυμίας τῶν ἀσεβειῶν. 
Jude 1:18	400916	τὰς ἑαυτῶν ἐπιθυμίας τῶν ἀσεβειῶν. 		ὅτι ἔλεγον ὑμῖν· Ἐπ’ ἐσχάτου χρόνου ἔσονται ἐμπαῖκται πορευόμενοι κατὰ τὰς ἑαυτῶν ἐπιθυμίας τῶν ἀσεβειῶν. 
Jude 1:18	400917	ἑαυτῶν ἐπιθυμίας τῶν ἀσεβειῶν. 		ὅτι ἔλεγον ὑμῖν· Ἐπ’ ἐσχάτου χρόνου ἔσονται ἐμπαῖκται πορευόμενοι κατὰ τὰς ἑαυτῶν ἐπιθυμίας τῶν ἀσεβειῶν. 
Jude 1:18	400918	ἑαυτῶν 		ὅτι ἔλεγον ὑμῖν· Ἐπ’ ἐσχάτου χρόνου ἔσονται ἐμπαῖκται πορευόμενοι κατὰ τὰς ἑαυτῶν ἐπιθυμίας τῶν ἀσεβειῶν. 
Jude 1:18	400919	ἐπιθυμίας τῶν ἀσεβειῶν. 		ὅτι ἔλεγον ὑμῖν· Ἐπ’ ἐσχάτου χρόνου ἔσονται ἐμπαῖκται πορευόμενοι κατὰ τὰς ἑαυτῶν ἐπιθυμίας τῶν ἀσεβειῶν. 
Jude 1:18	400920	ἐπιθυμίας 		ὅτι ἔλεγον ὑμῖν· Ἐπ’ ἐσχάτου χρόνου ἔσονται ἐμπαῖκται πορευόμενοι κατὰ τὰς ἑαυτῶν ἐπιθυμίας τῶν ἀσεβειῶν. 
Jude 1:18	400921	τῶν ἀσεβειῶν. 		ὅτι ἔλεγον ὑμῖν· Ἐπ’ ἐσχάτου χρόνου ἔσονται ἐμπαῖκται πορευόμενοι κατὰ τὰς ἑαυτῶν ἐπιθυμίας τῶν ἀσεβειῶν. 
Jude 1:18	400922	ἀσεβειῶν. 		ὅτι ἔλεγον ὑμῖν· Ἐπ’ ἐσχάτου χρόνου ἔσονται ἐμπαῖκται πορευόμενοι κατὰ τὰς ἑαυτῶν ἐπιθυμίας τῶν ἀσεβειῶν. 
Jude 1:19	400923	οὗτοί 		οὗτοί εἰσιν οἱ ἀποδιορίζοντες, ψυχικοί, πνεῦμα μὴ ἔχοντες. 
Jude 1:19	400925	οἱ ἀποδιορίζοντες, ψυχικοί, πνεῦμα μὴ ἔχοντες. 		οὗτοί εἰσιν οἱ ἀποδιορίζοντες, ψυχικοί, πνεῦμα μὴ ἔχοντες. 
Jude 1:19	400926	οἱ ἀποδιορίζοντες, 		οὗτοί εἰσιν οἱ ἀποδιορίζοντες, ψυχικοί, πνεῦμα μὴ ἔχοντες. 
Jude 1:19	400928	ψυχικοί, 		οὗτοί εἰσιν οἱ ἀποδιορίζοντες, ψυχικοί, πνεῦμα μὴ ἔχοντες. 
Jude 1:19	400930	πνεῦμα μὴ ἔχοντες. 		οὗτοί εἰσιν οἱ ἀποδιορίζοντες, ψυχικοί, πνεῦμα μὴ ἔχοντες. 
Jude 1:19	400931	πνεῦμα 		οὗτοί εἰσιν οἱ ἀποδιορίζοντες, ψυχικοί, πνεῦμα μὴ ἔχοντες. 
Jude 1:20	400934	ἀγαπητοί, 		δέ, ἀγαπητοί, ὑμεῖς ἐποικοδομοῦντες ἑαυτοὺς τῇ ἁγιωτάτῃ ὑμῶν πίστει, ἐν πνεύματι ἁγίῳ προσευχόμενοι, ἑαυτοὺς ἐν ἀγάπῃ θεοῦ τηρήσατε προσδεχόμενοι τὸ ἔλεος τοῦ κυρίου ἡμῶν Ἰησοῦ Χριστοῦ εἰς ζωὴν αἰώνιον. 
Jude 1:20	400936	ὑμεῖς 		δέ, ἀγαπητοί, ὑμεῖς ἐποικοδομοῦντες ἑαυτοὺς τῇ ἁγιωτάτῃ ὑμῶν πίστει, ἐν πνεύματι ἁγίῳ προσευχόμενοι, ἑαυτοὺς ἐν ἀγάπῃ θεοῦ τηρήσατε προσδεχόμενοι τὸ ἔλεος τοῦ κυρίου ἡμῶν Ἰησοῦ Χριστοῦ εἰς ζωὴν αἰώνιον. 
Jude 1:20	400938	ἑαυτοὺς 		δέ, ἀγαπητοί, ὑμεῖς ἐποικοδομοῦντες ἑαυτοὺς τῇ ἁγιωτάτῃ ὑμῶν πίστει, ἐν πνεύματι ἁγίῳ προσευχόμενοι, ἑαυτοὺς ἐν ἀγάπῃ θεοῦ τηρήσατε προσδεχόμενοι τὸ ἔλεος τοῦ κυρίου ἡμῶν Ἰησοῦ Χριστοῦ εἰς ζωὴν αἰώνιον. 
Jude 1:20	400939	τῇ ἁγιωτάτῃ ὑμῶν πίστει, 		δέ, ἀγαπητοί, ὑμεῖς ἐποικοδομοῦντες ἑαυτοὺς τῇ ἁγιωτάτῃ ὑμῶν πίστει, ἐν πνεύματι ἁγίῳ προσευχόμενοι, ἑαυτοὺς ἐν ἀγάπῃ θεοῦ τηρήσατε προσδεχόμενοι τὸ ἔλεος τοῦ κυρίου ἡμῶν Ἰησοῦ Χριστοῦ εἰς ζωὴν αἰώνιον. 
Jude 1:20	400940	ἁγιωτάτῃ ὑμῶν πίστει, 		δέ, ἀγαπητοί, ὑμεῖς ἐποικοδομοῦντες ἑαυτοὺς τῇ ἁγιωτάτῃ ὑμῶν πίστει, ἐν πνεύματι ἁγίῳ προσευχόμενοι, ἑαυτοὺς ἐν ἀγάπῃ θεοῦ τηρήσατε προσδεχόμενοι τὸ ἔλεος τοῦ κυρίου ἡμῶν Ἰησοῦ Χριστοῦ εἰς ζωὴν αἰώνιον. 
Jude 1:20	400942	ὑμῶν πίστει, 		δέ, ἀγαπητοί, ὑμεῖς ἐποικοδομοῦντες ἑαυτοὺς τῇ ἁγιωτάτῃ ὑμῶν πίστει, ἐν πνεύματι ἁγίῳ προσευχόμενοι, ἑαυτοὺς ἐν ἀγάπῃ θεοῦ τηρήσατε προσδεχόμενοι τὸ ἔλεος τοῦ κυρίου ἡμῶν Ἰησοῦ Χριστοῦ εἰς ζωὴν αἰώνιον. 
Jude 1:20	400943	ὑμῶν 		δέ, ἀγαπητοί, ὑμεῖς ἐποικοδομοῦντες ἑαυτοὺς τῇ ἁγιωτάτῃ ὑμῶν πίστει, ἐν πνεύματι ἁγίῳ προσευχόμενοι, ἑαυτοὺς ἐν ἀγάπῃ θεοῦ τηρήσατε προσδεχόμενοι τὸ ἔλεος τοῦ κυρίου ἡμῶν Ἰησοῦ Χριστοῦ εἰς ζωὴν αἰώνιον. 
Jude 1:20	400944	πίστει, 		δέ, ἀγαπητοί, ὑμεῖς ἐποικοδομοῦντες ἑαυτοὺς τῇ ἁγιωτάτῃ ὑμῶν πίστει, ἐν πνεύματι ἁγίῳ προσευχόμενοι, ἑαυτοὺς ἐν ἀγάπῃ θεοῦ τηρήσατε προσδεχόμενοι τὸ ἔλεος τοῦ κυρίου ἡμῶν Ἰησοῦ Χριστοῦ εἰς ζωὴν αἰώνιον. 
Jude 1:20	400946	πνεύματι ἁγίῳ 		δέ, ἀγαπητοί, ὑμεῖς ἐποικοδομοῦντες ἑαυτοὺς τῇ ἁγιωτάτῃ ὑμῶν πίστει, ἐν πνεύματι ἁγίῳ προσευχόμενοι, ἑαυτοὺς ἐν ἀγάπῃ θεοῦ τηρήσατε προσδεχόμενοι τὸ ἔλεος τοῦ κυρίου ἡμῶν Ἰησοῦ Χριστοῦ εἰς ζωὴν αἰώνιον. 
Jude 1:20	400947	πνεύματι 		δέ, ἀγαπητοί, ὑμεῖς ἐποικοδομοῦντες ἑαυτοὺς τῇ ἁγιωτάτῃ ὑμῶν πίστει, ἐν πνεύματι ἁγίῳ προσευχόμενοι, ἑαυτοὺς ἐν ἀγάπῃ θεοῦ τηρήσατε προσδεχόμενοι τὸ ἔλεος τοῦ κυρίου ἡμῶν Ἰησοῦ Χριστοῦ εἰς ζωὴν αἰώνιον. 
Jude 1:21	400950	ἑαυτοὺς 		δέ, ἀγαπητοί, ὑμεῖς ἐποικοδομοῦντες ἑαυτοὺς τῇ ἁγιωτάτῃ ὑμῶν πίστει, ἐν πνεύματι ἁγίῳ προσευχόμενοι, ἑαυτοὺς ἐν ἀγάπῃ θεοῦ τηρήσατε προσδεχόμενοι τὸ ἔλεος τοῦ κυρίου ἡμῶν Ἰησοῦ Χριστοῦ εἰς ζωὴν αἰώνιον. 
Jude 1:21	400952	ἀγάπῃ θεοῦ 		δέ, ἀγαπητοί, ὑμεῖς ἐποικοδομοῦντες ἑαυτοὺς τῇ ἁγιωτάτῃ ὑμῶν πίστει, ἐν πνεύματι ἁγίῳ προσευχόμενοι, ἑαυτοὺς ἐν ἀγάπῃ θεοῦ τηρήσατε προσδεχόμενοι τὸ ἔλεος τοῦ κυρίου ἡμῶν Ἰησοῦ Χριστοῦ εἰς ζωὴν αἰώνιον. 
Jude 1:21	400953	ἀγάπῃ 		δέ, ἀγαπητοί, ὑμεῖς ἐποικοδομοῦντες ἑαυτοὺς τῇ ἁγιωτάτῃ ὑμῶν πίστει, ἐν πνεύματι ἁγίῳ προσευχόμενοι, ἑαυτοὺς ἐν ἀγάπῃ θεοῦ τηρήσατε προσδεχόμενοι τὸ ἔλεος τοῦ κυρίου ἡμῶν Ἰησοῦ Χριστοῦ εἰς ζωὴν αἰώνιον. 
Jude 1:21	400954	θεοῦ 		δέ, ἀγαπητοί, ὑμεῖς ἐποικοδομοῦντες ἑαυτοὺς τῇ ἁγιωτάτῃ ὑμῶν πίστει, ἐν πνεύματι ἁγίῳ προσευχόμενοι, ἑαυτοὺς ἐν ἀγάπῃ θεοῦ τηρήσατε προσδεχόμενοι τὸ ἔλεος τοῦ κυρίου ἡμῶν Ἰησοῦ Χριστοῦ εἰς ζωὴν αἰώνιον. 
Jude 1:21	400957	τὸ ἔλεος τοῦ κυρίου ἡμῶν Ἰησοῦ Χριστοῦ 		δέ, ἀγαπητοί, ὑμεῖς ἐποικοδομοῦντες ἑαυτοὺς τῇ ἁγιωτάτῃ ὑμῶν πίστει, ἐν πνεύματι ἁγίῳ προσευχόμενοι, ἑαυτοὺς ἐν ἀγάπῃ θεοῦ τηρήσατε προσδεχόμενοι τὸ ἔλεος τοῦ κυρίου ἡμῶν Ἰησοῦ Χριστοῦ εἰς ζωὴν αἰώνιον. 
Jude 1:21	400958	ἔλεος τοῦ κυρίου ἡμῶν Ἰησοῦ Χριστοῦ 		δέ, ἀγαπητοί, ὑμεῖς ἐποικοδομοῦντες ἑαυτοὺς τῇ ἁγιωτάτῃ ὑμῶν πίστει, ἐν πνεύματι ἁγίῳ προσευχόμενοι, ἑαυτοὺς ἐν ἀγάπῃ θεοῦ τηρήσατε προσδεχόμενοι τὸ ἔλεος τοῦ κυρίου ἡμῶν Ἰησοῦ Χριστοῦ εἰς ζωὴν αἰώνιον. 
Jude 1:21	400959	ἔλεος 		δέ, ἀγαπητοί, ὑμεῖς ἐποικοδομοῦντες ἑαυτοὺς τῇ ἁγιωτάτῃ ὑμῶν πίστει, ἐν πνεύματι ἁγίῳ προσευχόμενοι, ἑαυτοὺς ἐν ἀγάπῃ θεοῦ τηρήσατε προσδεχόμενοι τὸ ἔλεος τοῦ κυρίου ἡμῶν Ἰησοῦ Χριστοῦ εἰς ζωὴν αἰώνιον. 
Jude 1:21	400960	τοῦ κυρίου ἡμῶν Ἰησοῦ Χριστοῦ 		δέ, ἀγαπητοί, ὑμεῖς ἐποικοδομοῦντες ἑαυτοὺς τῇ ἁγιωτάτῃ ὑμῶν πίστει, ἐν πνεύματι ἁγίῳ προσευχόμενοι, ἑαυτοὺς ἐν ἀγάπῃ θεοῦ τηρήσατε προσδεχόμενοι τὸ ἔλεος τοῦ κυρίου ἡμῶν Ἰησοῦ Χριστοῦ εἰς ζωὴν αἰώνιον. 
Jude 1:21	400961	τοῦ κυρίου ἡμῶν 		δέ, ἀγαπητοί, ὑμεῖς ἐποικοδομοῦντες ἑαυτοὺς τῇ ἁγιωτάτῃ ὑμῶν πίστει, ἐν πνεύματι ἁγίῳ προσευχόμενοι, ἑαυτοὺς ἐν ἀγάπῃ θεοῦ τηρήσατε προσδεχόμενοι τὸ ἔλεος τοῦ κυρίου ἡμῶν Ἰησοῦ Χριστοῦ εἰς ζωὴν αἰώνιον. 
Jude 1:21	400962	κυρίου ἡμῶν 		δέ, ἀγαπητοί, ὑμεῖς ἐποικοδομοῦντες ἑαυτοὺς τῇ ἁγιωτάτῃ ὑμῶν πίστει, ἐν πνεύματι ἁγίῳ προσευχόμενοι, ἑαυτοὺς ἐν ἀγάπῃ θεοῦ τηρήσατε προσδεχόμενοι τὸ ἔλεος τοῦ κυρίου ἡμῶν Ἰησοῦ Χριστοῦ εἰς ζωὴν αἰώνιον. 
Jude 1:21	400963	κυρίου 		δέ, ἀγαπητοί, ὑμεῖς ἐποικοδομοῦντες ἑαυτοὺς τῇ ἁγιωτάτῃ ὑμῶν πίστει, ἐν πνεύματι ἁγίῳ προσευχόμενοι, ἑαυτοὺς ἐν ἀγάπῃ θεοῦ τηρήσατε προσδεχόμενοι τὸ ἔλεος τοῦ κυρίου ἡμῶν Ἰησοῦ Χριστοῦ εἰς ζωὴν αἰώνιον. 
Jude 1:21	400964	ἡμῶν 		δέ, ἀγαπητοί, ὑμεῖς ἐποικοδομοῦντες ἑαυτοὺς τῇ ἁγιωτάτῃ ὑμῶν πίστει, ἐν πνεύματι ἁγίῳ προσευχόμενοι, ἑαυτοὺς ἐν ἀγάπῃ θεοῦ τηρήσατε προσδεχόμενοι τὸ ἔλεος τοῦ κυρίου ἡμῶν Ἰησοῦ Χριστοῦ εἰς ζωὴν αἰώνιον. 
Jude 1:21	400965	Ἰησοῦ Χριστοῦ 		δέ, ἀγαπητοί, ὑμεῖς ἐποικοδομοῦντες ἑαυτοὺς τῇ ἁγιωτάτῃ ὑμῶν πίστει, ἐν πνεύματι ἁγίῳ προσευχόμενοι, ἑαυτοὺς ἐν ἀγάπῃ θεοῦ τηρήσατε προσδεχόμενοι τὸ ἔλεος τοῦ κυρίου ἡμῶν Ἰησοῦ Χριστοῦ εἰς ζωὴν αἰώνιον. 
Jude 1:21	400966	Ἰησοῦ 		δέ, ἀγαπητοί, ὑμεῖς ἐποικοδομοῦντες ἑαυτοὺς τῇ ἁγιωτάτῃ ὑμῶν πίστει, ἐν πνεύματι ἁγίῳ προσευχόμενοι, ἑαυτοὺς ἐν ἀγάπῃ θεοῦ τηρήσατε προσδεχόμενοι τὸ ἔλεος τοῦ κυρίου ἡμῶν Ἰησοῦ Χριστοῦ εἰς ζωὴν αἰώνιον. 
Jude 1:21	400967	Χριστοῦ 		δέ, ἀγαπητοί, ὑμεῖς ἐποικοδομοῦντες ἑαυτοὺς τῇ ἁγιωτάτῃ ὑμῶν πίστει, ἐν πνεύματι ἁγίῳ προσευχόμενοι, ἑαυτοὺς ἐν ἀγάπῃ θεοῦ τηρήσατε προσδεχόμενοι τὸ ἔλεος τοῦ κυρίου ἡμῶν Ἰησοῦ Χριστοῦ εἰς ζωὴν αἰώνιον. 
Jude 1:21	400969	ζωὴν αἰώνιον. 		δέ, ἀγαπητοί, ὑμεῖς ἐποικοδομοῦντες ἑαυτοὺς τῇ ἁγιωτάτῃ ὑμῶν πίστει, ἐν πνεύματι ἁγίῳ προσευχόμενοι, ἑαυτοὺς ἐν ἀγάπῃ θεοῦ τηρήσατε προσδεχόμενοι τὸ ἔλεος τοῦ κυρίου ἡμῶν Ἰησοῦ Χριστοῦ εἰς ζωὴν αἰώνιον. 
Jude 1:21	400970	ζωὴν 		δέ, ἀγαπητοί, ὑμεῖς ἐποικοδομοῦντες ἑαυτοὺς τῇ ἁγιωτάτῃ ὑμῶν πίστει, ἐν πνεύματι ἁγίῳ προσευχόμενοι, ἑαυτοὺς ἐν ἀγάπῃ θεοῦ τηρήσατε προσδεχόμενοι τὸ ἔλεος τοῦ κυρίου ἡμῶν Ἰησοῦ Χριστοῦ εἰς ζωὴν αἰώνιον. 
Jude 1:22	400972	οὓς διακρινομένους, 		καὶ μὲν οὓς διακρινομένους, ἐλεᾶτε δὲ οὓς σῴζετε ἐκ πυρὸς ἁρπάζοντες, δὲ οὓς ἐλεᾶτε ἐν φόβῳ, μισοῦντες καὶ τὸν ἀπὸ τῆς σαρκὸς ἐσπιλωμένον χιτῶνα. 
Jude 1:22	400973	οὓς 		καὶ μὲν οὓς διακρινομένους, ἐλεᾶτε δὲ οὓς σῴζετε ἐκ πυρὸς ἁρπάζοντες, δὲ οὓς ἐλεᾶτε ἐν φόβῳ, μισοῦντες καὶ τὸν ἀπὸ τῆς σαρκὸς ἐσπιλωμένον χιτῶνα. 
Jude 1:23	400977	οὓς 		καὶ μὲν οὓς διακρινομένους, ἐλεᾶτε δὲ οὓς σῴζετε ἐκ πυρὸς ἁρπάζοντες, δὲ οὓς ἐλεᾶτε ἐν φόβῳ, μισοῦντες καὶ τὸν ἀπὸ τῆς σαρκὸς ἐσπιλωμένον χιτῶνα. 
Jude 1:23	400980	πυρὸς 		καὶ μὲν οὓς διακρινομένους, ἐλεᾶτε δὲ οὓς σῴζετε ἐκ πυρὸς ἁρπάζοντες, δὲ οὓς ἐλεᾶτε ἐν φόβῳ, μισοῦντες καὶ τὸν ἀπὸ τῆς σαρκὸς ἐσπιλωμένον χιτῶνα. 
Jude 1:23	400982	οὓς 		καὶ μὲν οὓς διακρινομένους, ἐλεᾶτε δὲ οὓς σῴζετε ἐκ πυρὸς ἁρπάζοντες, δὲ οὓς ἐλεᾶτε ἐν φόβῳ, μισοῦντες καὶ τὸν ἀπὸ τῆς σαρκὸς ἐσπιλωμένον χιτῶνα. 
Jude 1:23	400985	φόβῳ, 		καὶ μὲν οὓς διακρινομένους, ἐλεᾶτε δὲ οὓς σῴζετε ἐκ πυρὸς ἁρπάζοντες, δὲ οὓς ἐλεᾶτε ἐν φόβῳ, μισοῦντες καὶ τὸν ἀπὸ τῆς σαρκὸς ἐσπιλωμένον χιτῶνα. 
Jude 1:23	400987	καὶ τὸν ἀπὸ τῆς σαρκὸς ἐσπιλωμένον χιτῶνα. 		καὶ μὲν οὓς διακρινομένους, ἐλεᾶτε δὲ οὓς σῴζετε ἐκ πυρὸς ἁρπάζοντες, δὲ οὓς ἐλεᾶτε ἐν φόβῳ, μισοῦντες καὶ τὸν ἀπὸ τῆς σαρκὸς ἐσπιλωμένον χιτῶνα. 
Jude 1:23	400989	τὸν ἀπὸ τῆς σαρκὸς ἐσπιλωμένον χιτῶνα. 		καὶ μὲν οὓς διακρινομένους, ἐλεᾶτε δὲ οὓς σῴζετε ἐκ πυρὸς ἁρπάζοντες, δὲ οὓς ἐλεᾶτε ἐν φόβῳ, μισοῦντες καὶ τὸν ἀπὸ τῆς σαρκὸς ἐσπιλωμένον χιτῶνα. 
Jude 1:23	400990	ἀπὸ τῆς σαρκὸς ἐσπιλωμένον χιτῶνα. 		καὶ μὲν οὓς διακρινομένους, ἐλεᾶτε δὲ οὓς σῴζετε ἐκ πυρὸς ἁρπάζοντες, δὲ οὓς ἐλεᾶτε ἐν φόβῳ, μισοῦντες καὶ τὸν ἀπὸ τῆς σαρκὸς ἐσπιλωμένον χιτῶνα. 
Jude 1:23	400993	τῆς σαρκὸς 		καὶ μὲν οὓς διακρινομένους, ἐλεᾶτε δὲ οὓς σῴζετε ἐκ πυρὸς ἁρπάζοντες, δὲ οὓς ἐλεᾶτε ἐν φόβῳ, μισοῦντες καὶ τὸν ἀπὸ τῆς σαρκὸς ἐσπιλωμένον χιτῶνα. 
Jude 1:23	400994	σαρκὸς 		καὶ μὲν οὓς διακρινομένους, ἐλεᾶτε δὲ οὓς σῴζετε ἐκ πυρὸς ἁρπάζοντες, δὲ οὓς ἐλεᾶτε ἐν φόβῳ, μισοῦντες καὶ τὸν ἀπὸ τῆς σαρκὸς ἐσπιλωμένον χιτῶνα. 
Jude 1:23	400996	χιτῶνα. 		καὶ μὲν οὓς διακρινομένους, ἐλεᾶτε δὲ οὓς σῴζετε ἐκ πυρὸς ἁρπάζοντες, δὲ οὓς ἐλεᾶτε ἐν φόβῳ, μισοῦντες καὶ τὸν ἀπὸ τῆς σαρκὸς ἐσπιλωμένον χιτῶνα. 
Jude 1:24	400997	Τῷ δυναμένῳ φυλάξαι ὑμᾶς ἀπταίστους καὶ στῆσαι κατενώπιον τῆς δόξης αὐτοῦ ἀμώμους ἐν ἀγαλλιάσει μόνῳ θεῷ σωτῆρι ἡμῶν 		δὲ Τῷ δυναμένῳ φυλάξαι ὑμᾶς ἀπταίστους καὶ στῆσαι κατενώπιον τῆς δόξης αὐτοῦ ἀμώμους ἐν ἀγαλλιάσει μόνῳ θεῷ σωτῆρι ἡμῶν διὰ Ἰησοῦ Χριστοῦ τοῦ κυρίου ἡμῶν δόξα μεγαλωσύνη κράτος καὶ ἐξουσία πρὸ παντὸς τοῦ αἰῶνος καὶ νῦν καὶ εἰς πάντας τοὺς αἰῶνας· ἀμήν. 
Jude 1:24	400998	Τῷ δυναμένῳ φυλάξαι ὑμᾶς ἀπταίστους καὶ στῆσαι κατενώπιον τῆς δόξης αὐτοῦ ἀμώμους ἐν ἀγαλλιάσει 		δὲ Τῷ δυναμένῳ φυλάξαι ὑμᾶς ἀπταίστους καὶ στῆσαι κατενώπιον τῆς δόξης αὐτοῦ ἀμώμους ἐν ἀγαλλιάσει μόνῳ θεῷ σωτῆρι ἡμῶν διὰ Ἰησοῦ Χριστοῦ τοῦ κυρίου ἡμῶν δόξα μεγαλωσύνη κράτος καὶ ἐξουσία πρὸ παντὸς τοῦ αἰῶνος καὶ νῦν καὶ εἰς πάντας τοὺς αἰῶνας· ἀμήν. 
Jude 1:24	400999	δυναμένῳ φυλάξαι ὑμᾶς ἀπταίστους καὶ στῆσαι κατενώπιον τῆς δόξης αὐτοῦ ἀμώμους ἐν ἀγαλλιάσει 		δὲ Τῷ δυναμένῳ φυλάξαι ὑμᾶς ἀπταίστους καὶ στῆσαι κατενώπιον τῆς δόξης αὐτοῦ ἀμώμους ἐν ἀγαλλιάσει μόνῳ θεῷ σωτῆρι ἡμῶν διὰ Ἰησοῦ Χριστοῦ τοῦ κυρίου ἡμῶν δόξα μεγαλωσύνη κράτος καὶ ἐξουσία πρὸ παντὸς τοῦ αἰῶνος καὶ νῦν καὶ εἰς πάντας τοὺς αἰῶνας· ἀμήν. 
Jude 1:24	401002	ὑμᾶς 		δὲ Τῷ δυναμένῳ φυλάξαι ὑμᾶς ἀπταίστους καὶ στῆσαι κατενώπιον τῆς δόξης αὐτοῦ ἀμώμους ἐν ἀγαλλιάσει μόνῳ θεῷ σωτῆρι ἡμῶν διὰ Ἰησοῦ Χριστοῦ τοῦ κυρίου ἡμῶν δόξα μεγαλωσύνη κράτος καὶ ἐξουσία πρὸ παντὸς τοῦ αἰῶνος καὶ νῦν καὶ εἰς πάντας τοὺς αἰῶνας· ἀμήν. 
Jude 1:24	401006	τῆς δόξης αὐτοῦ 		δὲ Τῷ δυναμένῳ φυλάξαι ὑμᾶς ἀπταίστους καὶ στῆσαι κατενώπιον τῆς δόξης αὐτοῦ ἀμώμους ἐν ἀγαλλιάσει μόνῳ θεῷ σωτῆρι ἡμῶν διὰ Ἰησοῦ Χριστοῦ τοῦ κυρίου ἡμῶν δόξα μεγαλωσύνη κράτος καὶ ἐξουσία πρὸ παντὸς τοῦ αἰῶνος καὶ νῦν καὶ εἰς πάντας τοὺς αἰῶνας· ἀμήν. 
Jude 1:24	401007	δόξης αὐτοῦ 		δὲ Τῷ δυναμένῳ φυλάξαι ὑμᾶς ἀπταίστους καὶ στῆσαι κατενώπιον τῆς δόξης αὐτοῦ ἀμώμους ἐν ἀγαλλιάσει μόνῳ θεῷ σωτῆρι ἡμῶν διὰ Ἰησοῦ Χριστοῦ τοῦ κυρίου ἡμῶν δόξα μεγαλωσύνη κράτος καὶ ἐξουσία πρὸ παντὸς τοῦ αἰῶνος καὶ νῦν καὶ εἰς πάντας τοὺς αἰῶνας· ἀμήν. 
Jude 1:24	401008	δόξης 		δὲ Τῷ δυναμένῳ φυλάξαι ὑμᾶς ἀπταίστους καὶ στῆσαι κατενώπιον τῆς δόξης αὐτοῦ ἀμώμους ἐν ἀγαλλιάσει μόνῳ θεῷ σωτῆρι ἡμῶν διὰ Ἰησοῦ Χριστοῦ τοῦ κυρίου ἡμῶν δόξα μεγαλωσύνη κράτος καὶ ἐξουσία πρὸ παντὸς τοῦ αἰῶνος καὶ νῦν καὶ εἰς πάντας τοὺς αἰῶνας· ἀμήν. 
Jude 1:24	401009	αὐτοῦ 		δὲ Τῷ δυναμένῳ φυλάξαι ὑμᾶς ἀπταίστους καὶ στῆσαι κατενώπιον τῆς δόξης αὐτοῦ ἀμώμους ἐν ἀγαλλιάσει μόνῳ θεῷ σωτῆρι ἡμῶν διὰ Ἰησοῦ Χριστοῦ τοῦ κυρίου ἡμῶν δόξα μεγαλωσύνη κράτος καὶ ἐξουσία πρὸ παντὸς τοῦ αἰῶνος καὶ νῦν καὶ εἰς πάντας τοὺς αἰῶνας· ἀμήν. 
Jude 1:24	401012	ἀγαλλιάσει 		δὲ Τῷ δυναμένῳ φυλάξαι ὑμᾶς ἀπταίστους καὶ στῆσαι κατενώπιον τῆς δόξης αὐτοῦ ἀμώμους ἐν ἀγαλλιάσει μόνῳ θεῷ σωτῆρι ἡμῶν διὰ Ἰησοῦ Χριστοῦ τοῦ κυρίου ἡμῶν δόξα μεγαλωσύνη κράτος καὶ ἐξουσία πρὸ παντὸς τοῦ αἰῶνος καὶ νῦν καὶ εἰς πάντας τοὺς αἰῶνας· ἀμήν. 
Jude 1:25	401013	μόνῳ θεῷ σωτῆρι ἡμῶν 		δὲ Τῷ δυναμένῳ φυλάξαι ὑμᾶς ἀπταίστους καὶ στῆσαι κατενώπιον τῆς δόξης αὐτοῦ ἀμώμους ἐν ἀγαλλιάσει μόνῳ θεῷ σωτῆρι ἡμῶν διὰ Ἰησοῦ Χριστοῦ τοῦ κυρίου ἡμῶν δόξα μεγαλωσύνη κράτος καὶ ἐξουσία πρὸ παντὸς τοῦ αἰῶνος καὶ νῦν καὶ εἰς πάντας τοὺς αἰῶνας· ἀμήν. 
Jude 1:25	401014	μόνῳ θεῷ 		δὲ Τῷ δυναμένῳ φυλάξαι ὑμᾶς ἀπταίστους καὶ στῆσαι κατενώπιον τῆς δόξης αὐτοῦ ἀμώμους ἐν ἀγαλλιάσει μόνῳ θεῷ σωτῆρι ἡμῶν διὰ Ἰησοῦ Χριστοῦ τοῦ κυρίου ἡμῶν δόξα μεγαλωσύνη κράτος καὶ ἐξουσία πρὸ παντὸς τοῦ αἰῶνος καὶ νῦν καὶ εἰς πάντας τοὺς αἰῶνας· ἀμήν. 
Jude 1:25	401016	θεῷ 		δὲ Τῷ δυναμένῳ φυλάξαι ὑμᾶς ἀπταίστους καὶ στῆσαι κατενώπιον τῆς δόξης αὐτοῦ ἀμώμους ἐν ἀγαλλιάσει μόνῳ θεῷ σωτῆρι ἡμῶν διὰ Ἰησοῦ Χριστοῦ τοῦ κυρίου ἡμῶν δόξα μεγαλωσύνη κράτος καὶ ἐξουσία πρὸ παντὸς τοῦ αἰῶνος καὶ νῦν καὶ εἰς πάντας τοὺς αἰῶνας· ἀμήν. 
Jude 1:25	401017	σωτῆρι ἡμῶν 		δὲ Τῷ δυναμένῳ φυλάξαι ὑμᾶς ἀπταίστους καὶ στῆσαι κατενώπιον τῆς δόξης αὐτοῦ ἀμώμους ἐν ἀγαλλιάσει μόνῳ θεῷ σωτῆρι ἡμῶν διὰ Ἰησοῦ Χριστοῦ τοῦ κυρίου ἡμῶν δόξα μεγαλωσύνη κράτος καὶ ἐξουσία πρὸ παντὸς τοῦ αἰῶνος καὶ νῦν καὶ εἰς πάντας τοὺς αἰῶνας· ἀμήν. 
Jude 1:25	401018	σωτῆρι 		δὲ Τῷ δυναμένῳ φυλάξαι ὑμᾶς ἀπταίστους καὶ στῆσαι κατενώπιον τῆς δόξης αὐτοῦ ἀμώμους ἐν ἀγαλλιάσει μόνῳ θεῷ σωτῆρι ἡμῶν διὰ Ἰησοῦ Χριστοῦ τοῦ κυρίου ἡμῶν δόξα μεγαλωσύνη κράτος καὶ ἐξουσία πρὸ παντὸς τοῦ αἰῶνος καὶ νῦν καὶ εἰς πάντας τοὺς αἰῶνας· ἀμήν. 
Jude 1:25	401019	ἡμῶν 		δὲ Τῷ δυναμένῳ φυλάξαι ὑμᾶς ἀπταίστους καὶ στῆσαι κατενώπιον τῆς δόξης αὐτοῦ ἀμώμους ἐν ἀγαλλιάσει μόνῳ θεῷ σωτῆρι ἡμῶν διὰ Ἰησοῦ Χριστοῦ τοῦ κυρίου ἡμῶν δόξα μεγαλωσύνη κράτος καὶ ἐξουσία πρὸ παντὸς τοῦ αἰῶνος καὶ νῦν καὶ εἰς πάντας τοὺς αἰῶνας· ἀμήν. 
Jude 1:25	401021	Ἰησοῦ Χριστοῦ τοῦ κυρίου ἡμῶν 		δὲ Τῷ δυναμένῳ φυλάξαι ὑμᾶς ἀπταίστους καὶ στῆσαι κατενώπιον τῆς δόξης αὐτοῦ ἀμώμους ἐν ἀγαλλιάσει μόνῳ θεῷ σωτῆρι ἡμῶν διὰ Ἰησοῦ Χριστοῦ τοῦ κυρίου ἡμῶν δόξα μεγαλωσύνη κράτος καὶ ἐξουσία πρὸ παντὸς τοῦ αἰῶνος καὶ νῦν καὶ εἰς πάντας τοὺς αἰῶνας· ἀμήν. 
Jude 1:25	401022	Ἰησοῦ Χριστοῦ 		δὲ Τῷ δυναμένῳ φυλάξαι ὑμᾶς ἀπταίστους καὶ στῆσαι κατενώπιον τῆς δόξης αὐτοῦ ἀμώμους ἐν ἀγαλλιάσει μόνῳ θεῷ σωτῆρι ἡμῶν διὰ Ἰησοῦ Χριστοῦ τοῦ κυρίου ἡμῶν δόξα μεγαλωσύνη κράτος καὶ ἐξουσία πρὸ παντὸς τοῦ αἰῶνος καὶ νῦν καὶ εἰς πάντας τοὺς αἰῶνας· ἀμήν. 
Jude 1:25	401023	Ἰησοῦ 		δὲ Τῷ δυναμένῳ φυλάξαι ὑμᾶς ἀπταίστους καὶ στῆσαι κατενώπιον τῆς δόξης αὐτοῦ ἀμώμους ἐν ἀγαλλιάσει μόνῳ θεῷ σωτῆρι ἡμῶν διὰ Ἰησοῦ Χριστοῦ τοῦ κυρίου ἡμῶν δόξα μεγαλωσύνη κράτος καὶ ἐξουσία πρὸ παντὸς τοῦ αἰῶνος καὶ νῦν καὶ εἰς πάντας τοὺς αἰῶνας· ἀμήν. 
Jude 1:25	401024	Χριστοῦ 		δὲ Τῷ δυναμένῳ φυλάξαι ὑμᾶς ἀπταίστους καὶ στῆσαι κατενώπιον τῆς δόξης αὐτοῦ ἀμώμους ἐν ἀγαλλιάσει μόνῳ θεῷ σωτῆρι ἡμῶν διὰ Ἰησοῦ Χριστοῦ τοῦ κυρίου ἡμῶν δόξα μεγαλωσύνη κράτος καὶ ἐξουσία πρὸ παντὸς τοῦ αἰῶνος καὶ νῦν καὶ εἰς πάντας τοὺς αἰῶνας· ἀμήν. 
Jude 1:25	401025	τοῦ κυρίου ἡμῶν 		δὲ Τῷ δυναμένῳ φυλάξαι ὑμᾶς ἀπταίστους καὶ στῆσαι κατενώπιον τῆς δόξης αὐτοῦ ἀμώμους ἐν ἀγαλλιάσει μόνῳ θεῷ σωτῆρι ἡμῶν διὰ Ἰησοῦ Χριστοῦ τοῦ κυρίου ἡμῶν δόξα μεγαλωσύνη κράτος καὶ ἐξουσία πρὸ παντὸς τοῦ αἰῶνος καὶ νῦν καὶ εἰς πάντας τοὺς αἰῶνας· ἀμήν. 
Jude 1:25	401026	κυρίου ἡμῶν 		δὲ Τῷ δυναμένῳ φυλάξαι ὑμᾶς ἀπταίστους καὶ στῆσαι κατενώπιον τῆς δόξης αὐτοῦ ἀμώμους ἐν ἀγαλλιάσει μόνῳ θεῷ σωτῆρι ἡμῶν διὰ Ἰησοῦ Χριστοῦ τοῦ κυρίου ἡμῶν δόξα μεγαλωσύνη κράτος καὶ ἐξουσία πρὸ παντὸς τοῦ αἰῶνος καὶ νῦν καὶ εἰς πάντας τοὺς αἰῶνας· ἀμήν. 
Jude 1:25	401027	κυρίου 		δὲ Τῷ δυναμένῳ φυλάξαι ὑμᾶς ἀπταίστους καὶ στῆσαι κατενώπιον τῆς δόξης αὐτοῦ ἀμώμους ἐν ἀγαλλιάσει μόνῳ θεῷ σωτῆρι ἡμῶν διὰ Ἰησοῦ Χριστοῦ τοῦ κυρίου ἡμῶν δόξα μεγαλωσύνη κράτος καὶ ἐξουσία πρὸ παντὸς τοῦ αἰῶνος καὶ νῦν καὶ εἰς πάντας τοὺς αἰῶνας· ἀμήν. 
Jude 1:25	401028	ἡμῶν 		δὲ Τῷ δυναμένῳ φυλάξαι ὑμᾶς ἀπταίστους καὶ στῆσαι κατενώπιον τῆς δόξης αὐτοῦ ἀμώμους ἐν ἀγαλλιάσει μόνῳ θεῷ σωτῆρι ἡμῶν διὰ Ἰησοῦ Χριστοῦ τοῦ κυρίου ἡμῶν δόξα μεγαλωσύνη κράτος καὶ ἐξουσία πρὸ παντὸς τοῦ αἰῶνος καὶ νῦν καὶ εἰς πάντας τοὺς αἰῶνας· ἀμήν. 
Jude 1:25	401029	δόξα μεγαλωσύνη κράτος καὶ ἐξουσία 		δὲ Τῷ δυναμένῳ φυλάξαι ὑμᾶς ἀπταίστους καὶ στῆσαι κατενώπιον τῆς δόξης αὐτοῦ ἀμώμους ἐν ἀγαλλιάσει μόνῳ θεῷ σωτῆρι ἡμῶν διὰ Ἰησοῦ Χριστοῦ τοῦ κυρίου ἡμῶν δόξα μεγαλωσύνη κράτος καὶ ἐξουσία πρὸ παντὸς τοῦ αἰῶνος καὶ νῦν καὶ εἰς πάντας τοὺς αἰῶνας· ἀμήν. 
Jude 1:25	401030	δόξα 		δὲ Τῷ δυναμένῳ φυλάξαι ὑμᾶς ἀπταίστους καὶ στῆσαι κατενώπιον τῆς δόξης αὐτοῦ ἀμώμους ἐν ἀγαλλιάσει μόνῳ θεῷ σωτῆρι ἡμῶν διὰ Ἰησοῦ Χριστοῦ τοῦ κυρίου ἡμῶν δόξα μεγαλωσύνη κράτος καὶ ἐξουσία πρὸ παντὸς τοῦ αἰῶνος καὶ νῦν καὶ εἰς πάντας τοὺς αἰῶνας· ἀμήν. 
Jude 1:25	401031	μεγαλωσύνη 		δὲ Τῷ δυναμένῳ φυλάξαι ὑμᾶς ἀπταίστους καὶ στῆσαι κατενώπιον τῆς δόξης αὐτοῦ ἀμώμους ἐν ἀγαλλιάσει μόνῳ θεῷ σωτῆρι ἡμῶν διὰ Ἰησοῦ Χριστοῦ τοῦ κυρίου ἡμῶν δόξα μεγαλωσύνη κράτος καὶ ἐξουσία πρὸ παντὸς τοῦ αἰῶνος καὶ νῦν καὶ εἰς πάντας τοὺς αἰῶνας· ἀμήν. 
Jude 1:25	401032	κράτος 		δὲ Τῷ δυναμένῳ φυλάξαι ὑμᾶς ἀπταίστους καὶ στῆσαι κατενώπιον τῆς δόξης αὐτοῦ ἀμώμους ἐν ἀγαλλιάσει μόνῳ θεῷ σωτῆρι ἡμῶν διὰ Ἰησοῦ Χριστοῦ τοῦ κυρίου ἡμῶν δόξα μεγαλωσύνη κράτος καὶ ἐξουσία πρὸ παντὸς τοῦ αἰῶνος καὶ νῦν καὶ εἰς πάντας τοὺς αἰῶνας· ἀμήν. 
Jude 1:25	401033	ἐξουσία 		δὲ Τῷ δυναμένῳ φυλάξαι ὑμᾶς ἀπταίστους καὶ στῆσαι κατενώπιον τῆς δόξης αὐτοῦ ἀμώμους ἐν ἀγαλλιάσει μόνῳ θεῷ σωτῆρι ἡμῶν διὰ Ἰησοῦ Χριστοῦ τοῦ κυρίου ἡμῶν δόξα μεγαλωσύνη κράτος καὶ ἐξουσία πρὸ παντὸς τοῦ αἰῶνος καὶ νῦν καὶ εἰς πάντας τοὺς αἰῶνας· ἀμήν. 
Jude 1:25	401035	παντὸς τοῦ αἰῶνος 		δὲ Τῷ δυναμένῳ φυλάξαι ὑμᾶς ἀπταίστους καὶ στῆσαι κατενώπιον τῆς δόξης αὐτοῦ ἀμώμους ἐν ἀγαλλιάσει μόνῳ θεῷ σωτῆρι ἡμῶν διὰ Ἰησοῦ Χριστοῦ τοῦ κυρίου ἡμῶν δόξα μεγαλωσύνη κράτος καὶ ἐξουσία πρὸ παντὸς τοῦ αἰῶνος καὶ νῦν καὶ εἰς πάντας τοὺς αἰῶνας· ἀμήν. 
Jude 1:25	401037	τοῦ αἰῶνος 		δὲ Τῷ δυναμένῳ φυλάξαι ὑμᾶς ἀπταίστους καὶ στῆσαι κατενώπιον τῆς δόξης αὐτοῦ ἀμώμους ἐν ἀγαλλιάσει μόνῳ θεῷ σωτῆρι ἡμῶν διὰ Ἰησοῦ Χριστοῦ τοῦ κυρίου ἡμῶν δόξα μεγαλωσύνη κράτος καὶ ἐξουσία πρὸ παντὸς τοῦ αἰῶνος καὶ νῦν καὶ εἰς πάντας τοὺς αἰῶνας· ἀμήν. 
Jude 1:25	401038	αἰῶνος 		δὲ Τῷ δυναμένῳ φυλάξαι ὑμᾶς ἀπταίστους καὶ στῆσαι κατενώπιον τῆς δόξης αὐτοῦ ἀμώμους ἐν ἀγαλλιάσει μόνῳ θεῷ σωτῆρι ἡμῶν διὰ Ἰησοῦ Χριστοῦ τοῦ κυρίου ἡμῶν δόξα μεγαλωσύνη κράτος καὶ ἐξουσία πρὸ παντὸς τοῦ αἰῶνος καὶ νῦν καὶ εἰς πάντας τοὺς αἰῶνας· ἀμήν. 
Jude 1:25	401041	πάντας τοὺς αἰῶνας· 		δὲ Τῷ δυναμένῳ φυλάξαι ὑμᾶς ἀπταίστους καὶ στῆσαι κατενώπιον τῆς δόξης αὐτοῦ ἀμώμους ἐν ἀγαλλιάσει μόνῳ θεῷ σωτῆρι ἡμῶν διὰ Ἰησοῦ Χριστοῦ τοῦ κυρίου ἡμῶν δόξα μεγαλωσύνη κράτος καὶ ἐξουσία πρὸ παντὸς τοῦ αἰῶνος καὶ νῦν καὶ εἰς πάντας τοὺς αἰῶνας· ἀμήν. 
Jude 1:25	401043	τοὺς αἰῶνας· 		δὲ Τῷ δυναμένῳ φυλάξαι ὑμᾶς ἀπταίστους καὶ στῆσαι κατενώπιον τῆς δόξης αὐτοῦ ἀμώμους ἐν ἀγαλλιάσει μόνῳ θεῷ σωτῆρι ἡμῶν διὰ Ἰησοῦ Χριστοῦ τοῦ κυρίου ἡμῶν δόξα μεγαλωσύνη κράτος καὶ ἐξουσία πρὸ παντὸς τοῦ αἰῶνος καὶ νῦν καὶ εἰς πάντας τοὺς αἰῶνας· ἀμήν. 
Jude 1:25	401044	αἰῶνας· 		δὲ Τῷ δυναμένῳ φυλάξαι ὑμᾶς ἀπταίστους καὶ στῆσαι κατενώπιον τῆς δόξης αὐτοῦ ἀμώμους ἐν ἀγαλλιάσει μόνῳ θεῷ σωτῆρι ἡμῶν διὰ Ἰησοῦ Χριστοῦ τοῦ κυρίου ἡμῶν δόξα μεγαλωσύνη κράτος καὶ ἐξουσία πρὸ παντὸς τοῦ αἰῶνος καὶ νῦν καὶ εἰς πάντας τοὺς αἰῶνας· ἀμήν. 
